id,name,description,tier,set,created_at,updated_at,gear_type,char_id,stat_id,role_id,rune_id,gear_skill
1,Plate Armor,2Set:(Crit +100) 4Set:(Crit +130),T6,Opportune Fire,2020-06-08 08:44:59.54946,2020-06-16 10:06:51.963086,1-1H,NULL,61,NULL,NULL,
2,Plate Armor,2Set:(Crit +100) 4Set:(Crit +130),T7,Opportune Fire,2020-06-08 08:45:09.137112,2020-06-16 10:07:00.906133,1-1H,NULL,72,NULL,NULL,
3,Plate Armor,2Set:(Crit +100) 4Set:(Crit +130),T8,Opportune Fire,2020-06-08 08:45:13.941524,2020-06-16 10:07:10.296107,1-1H,NULL,83,NULL,NULL,
4,Plate Armor,2Set:(Max HP +10%) 4Set:(Max HP +13%),T6,Gritty Frost,2020-06-08 08:45:32.198895,2020-06-16 10:07:16.164019,1-1H,NULL,61,NULL,NULL,
5,Plate Armor,2Set:(Max HP +10%) 4Set:(Max HP +13%),T7,Gritty Frost,2020-06-08 08:45:35.764365,2020-06-16 10:07:21.520148,1-1H,NULL,72,NULL,NULL,
6,Plate Armor,2Set:(Max HP +10%) 4Set:(Max HP +13%),T8,Gritty Frost,2020-06-08 08:45:39.186718,2020-06-16 10:07:31.491676,1-1H,NULL,83,NULL,NULL,
7,Plate Armor,2Set:(Crit Resistance +100) 4Set:(Crit Resistance +130),T6,Unrelenting Poison,2020-06-08 08:45:57.564252,2020-06-16 10:07:37.570518,1-1H,NULL,61,NULL,NULL,
8,Plate Armor,2Set:(Crit Resistance +100) 4Set:(Crit Resistance +130),T7,Unrelenting Poison,2020-06-08 08:46:01.562728,2020-06-16 10:07:44.424896,1-1H,NULL,72,NULL,NULL,
9,Plate Armor,2Set:(Crit Resistance +100) 4Set:(Crit Resistance +130),T8,Unrelenting Poison,2020-06-08 08:46:04.759401,2020-06-16 10:07:54.143786,1-1H,NULL,83,NULL,NULL,
10,Plate Armor,2Set:(MP Recovery/Attack +200) 4Set:(MP Recovery/Attack +260),T6,Swift Darkness,2020-06-08 08:46:19.809358,2020-06-16 10:08:01.353477,1-1H,NULL,61,NULL,NULL,
11,Plate Armor,2Set:(MP Recovery/Attack +200) 4Set:(MP Recovery/Attack +260),T7,Swift Darkness,2020-06-08 08:46:22.495877,2020-06-16 10:08:07.128607,1-1H,NULL,72,NULL,NULL,
12,Plate Armor,2Set:(MP Recovery/Attack +200) 4Set:(MP Recovery/Attack +260),T8,Swift Darkness,2020-06-08 08:46:25.44501,2020-06-16 10:08:13.710584,1-1H,NULL,83,NULL,NULL,
13,Plate Armor,2Set:(Crit DMG +20%) 4Set:(Crit DMG +26%),T8,Lava,2020-06-08 08:46:51.953491,2020-06-16 10:08:19.858138,1-1H,NULL,83,NULL,NULL,
14,Eternal Flame Armor,2Set:(Debuff ACC +100) 4Set:(Debuff ACC +130),T8,Legendary,2020-06-08 08:49:40.35265,2020-06-16 10:08:26.224336,1-1H,NULL,83,NULL,NULL,
15,Plate Armor,2Set:(Increases DMG to Heroes by 7%) 4Set:(Increases DMG to Heroes by 13%),T8,Hero Suppression,2020-06-08 08:49:58.504144,2020-06-16 10:08:32.259502,1-1H,NULL,83,NULL,NULL,
16,Plate Armor,2Set:(Reduces DMG recieved from Heroes by 6%) 4Set:(Reduces DMG recieved from Heroes by 11%),T8,Hero Protection,2020-06-08 08:50:14.504484,2020-06-16 10:08:41.624499,1-1H,NULL,83,NULL,NULL,
17,Plate Armor,2Set:(Increases Crit DMG of all allies by 5%) 4Set:(Increases Crit DMG of all allies by 8%),T8,Dark Legion,2020-06-08 08:50:27.642026,2020-06-16 10:08:48.18137,1-1H,NULL,83,NULL,NULL,
18,Plate Armor,2Set:(Hero deals 12% more DMG and takes 12% less DMG from bosses) 4Set:(Hero deals 15% more DMG and takes 15% less DMG from bosses),T8,Beast of Chaos,2020-06-08 08:50:40.793575,2020-06-16 10:08:54.882948,1-1H,NULL,83,NULL,NULL,
19,Scale Armor,2Set:(Crit +100) 4Set:(Crit +130),T6,Opportune Fire,2020-06-08 08:52:01.226354,2020-06-16 10:09:08.511584,3-1L,NULL,63,NULL,NULL,
20,Scale Armor,2Set:(Crit +100) 4Set:(Crit +130),T7,Opportune Fire,2020-06-08 08:52:05.104672,2020-06-16 10:09:14.62748,3-1L,NULL,74,NULL,NULL,
21,Scale Armor,2Set:(Crit +100) 4Set:(Crit +130),T8,Opportune Fire,2020-06-08 08:52:08.076606,2020-06-16 10:09:20.326549,3-1L,NULL,85,NULL,NULL,
22,Scale Armor,2Set:(Max HP +10%) 4Set:(Max HP +13%),T6,Gritty Frost,2020-06-08 08:52:17.136025,2020-06-16 10:09:28.001408,3-1L,NULL,63,NULL,NULL,
23,Scale Armor,2Set:(Max HP +10%) 4Set:(Max HP +13%),T7,Gritty Frost,2020-06-08 08:52:21.166328,2020-06-16 10:09:33.778161,3-1L,NULL,74,NULL,NULL,
24,Scale Armor,2Set:(Max HP +10%) 4Set:(Max HP +13%),T8,Gritty Frost,2020-06-08 08:52:24.433057,2020-06-16 10:09:43.044177,3-1L,NULL,85,NULL,NULL,
25,Scale Armor,2Set:(Crit Resistance +100) 4Set:(Crit Resistance +130),T6,Unrelenting Poison,2020-06-08 08:52:54.166166,2020-06-16 10:09:48.543474,3-1L,NULL,63,NULL,NULL,
26,Scale Armor,2Set:(Crit Resistance +100) 4Set:(Crit Resistance +130),T7,Unrelenting Poison,2020-06-08 08:52:57.501425,2020-06-16 10:09:53.618169,3-1L,NULL,74,NULL,NULL,
27,Scale Armor,2Set:(Crit Resistance +100) 4Set:(Crit Resistance +130),T8,Unrelenting Poison,2020-06-08 08:53:00.344134,2020-06-16 10:10:01.145521,3-1L,NULL,85,NULL,NULL,
28,Scale Armor,2Set:(MP Recovery/Attack +200) 4Set:(MP Recovery/Attack +260),T6,Swift Darkness,2020-06-08 08:53:20.324325,2020-06-16 10:10:08.826986,3-1L,NULL,63,NULL,NULL,
29,Scale Armor,2Set:(MP Recovery/Attack +200) 4Set:(MP Recovery/Attack +260),T7,Swift Darkness,2020-06-08 08:53:22.92041,2020-06-16 10:10:14.79386,3-1L,NULL,74,NULL,NULL,
30,Scale Armor,2Set:(MP Recovery/Attack +200) 4Set:(MP Recovery/Attack +260),T8,Swift Darkness,2020-06-08 08:53:25.591797,2020-06-16 10:10:21.624998,3-1L,NULL,85,NULL,NULL,
31,Scale Armor,2Set:(Crit DMG +20%) 4Set:(Crit DMG +26%),T8,Lava,2020-06-08 08:53:52.229152,2020-06-16 10:10:28.562622,3-1L,NULL,85,NULL,NULL,
32,Hell Leather Armor,2Set:(Debuff ACC +100) 4Set:(Debuff ACC +130),T8,Legendary,2020-06-08 08:54:05.035061,2020-06-16 10:10:36.595589,3-1L,NULL,85,NULL,NULL,
33,Scale Armor,2Set:(Increases DMG to Heroes by 7%) 4Set:(Increases DMG to Heroes by 13%),T8,Hero Suppression,2020-06-08 08:54:16.974707,2020-06-16 10:10:44.002428,3-1L,NULL,85,NULL,NULL,
34,Scale Armor,2Set:(Reduces DMG recieved from Heroes by 6%) 4Set:(Reduces DMG recieved from Heroes by 11%),T8,Hero Protection,2020-06-08 08:54:26.017856,2020-06-16 10:10:50.688552,3-1L,NULL,85,NULL,NULL,
35,Scale Armor,2Set:(Increases Crit DMG of all allies by 5%) 4Set:(Increases Crit DMG of all allies by 8%),T8,Dark Legion,2020-06-08 08:54:36.449953,2020-06-16 10:10:58.183811,3-1L,NULL,85,NULL,NULL,
36,Leather Armor,2Set:(Hero deals 12% more DMG and takes 12% less DMG from bosses) 4Set:(Hero deals 15% more DMG and takes 15% less DMG from bosses),T8,Beast of Chaos,2020-06-08 08:54:48.770885,2020-06-16 10:11:04.139164,3-1L,NULL,85,NULL,NULL,
37,Robe,2Set:(Crit +100) 4Set:(Crit +130),T6,Opportune Fire,2020-06-08 08:59:07.172209,2020-06-16 10:11:13.630904,5-1I,NULL,65,NULL,NULL,
38,Robe,2Set:(Crit +100) 4Set:(Crit +130),T7,Opportune Fire,2020-06-08 08:59:11.293344,2020-06-16 10:11:20.175392,5-1I,NULL,76,NULL,NULL,
39,Robe,2Set:(Crit +100) 4Set:(Crit +130),T8,Opportune Fire,2020-06-08 08:59:14.602171,2020-06-16 10:11:25.743954,5-1I,NULL,87,NULL,NULL,
40,Robe,2Set:(Max HP +10%) 4Set:(Max HP +13%),T6,Gritty Frost,2020-06-08 08:59:25.401072,2020-06-16 10:11:34.337144,5-1I,NULL,65,NULL,NULL,
41,Robe,2Set:(Max HP +10%) 4Set:(Max HP +13%),T7,Gritty Frost,2020-06-08 08:59:30.520428,2020-06-16 10:11:40.009187,5-1I,NULL,76,NULL,NULL,
42,Robe,2Set:(Max HP +10%) 4Set:(Max HP +13%),T8,Gritty Frost,2020-06-08 08:59:33.50146,2020-06-16 10:11:48.230498,5-1I,NULL,87,NULL,NULL,
43,Robe,2Set:(Crit Resistance +100) 4Set:(Crit Resistance +130),T6,Unrelenting Poison,2020-06-08 08:59:49.552369,2020-06-16 10:11:55.816976,5-1I,NULL,65,NULL,NULL,
44,Robe,2Set:(Crit Resistance +100) 4Set:(Crit Resistance +130),T7,Unrelenting Poison,2020-06-08 08:59:52.322186,2020-06-16 10:12:01.460563,5-1I,NULL,76,NULL,NULL,
45,Robe,2Set:(Crit Resistance +100) 4Set:(Crit Resistance +130),T8,Unrelenting Poison,2020-06-08 08:59:54.752198,2020-06-16 10:12:06.502398,5-1I,NULL,87,NULL,NULL,
46,Robe,2Set:(MP Recovery/Attack +200) 4Set:(MP Recovery/Attack +260),T6,Swift Darkness,2020-06-08 09:00:03.322241,2020-06-16 10:12:11.39761,5-1I,NULL,65,NULL,NULL,
47,Robe,2Set:(MP Recovery/Attack +200) 4Set:(MP Recovery/Attack +260),T7,Swift Darkness,2020-06-08 09:00:06.436193,2020-06-16 10:12:16.379356,5-1I,NULL,76,NULL,NULL,
48,Robe,2Set:(MP Recovery/Attack +200) 4Set:(MP Recovery/Attack +260),T8,Swift Darkness,2020-06-08 09:00:10.066079,2020-06-16 10:12:21.936071,5-1I,NULL,87,NULL,NULL,
49,Robe,2Set:(Crit DMG +20%) 4Set:(Crit DMG +26%),T8,Lava,2020-06-08 09:22:37.813846,2020-06-16 10:12:29.87965,5-1I,NULL,87,NULL,NULL,
50,Flame Rose's Protection,2Set:(Debuff ACC +100) 4Set:(Debuff ACC +130),T8,Legendary,2020-06-08 09:22:46.680436,2020-06-16 10:12:35.859283,5-1I,NULL,87,NULL,NULL,
51,Robe,2Set:(Increases DMG to Heroes by 7%) 4Set:(Increases DMG to Heroes by 13%),T8,Hero Suppression,2020-06-08 09:23:04.39498,2020-06-16 10:12:44.112981,5-1I,NULL,87,NULL,NULL,
52,Robe,2Set:(Reduces DMG recieved from Heroes by 6%) 4Set:(Reduces DMG recieved from Heroes by 11%),T8,Hero Protection,2020-06-08 09:23:14.276455,2020-06-16 10:12:50.690431,5-1I,NULL,87,NULL,NULL,
53,Robe,2Set:(Increases Crit DMG of all allies by 5%) 4Set:(Increases Crit DMG of all allies by 8%),T8,Dark Legion,2020-06-08 09:23:25.267668,2020-06-16 10:13:00.139058,5-1I,NULL,87,NULL,NULL,
54,Robe,2Set:(Hero deals 12% more DMG and takes 12% less DMG from bosses) 4Set:(Hero deals 15% more DMG and takes 15% less DMG from bosses),T8,Beast of Chaos,2020-06-08 09:23:32.848895,2020-06-16 10:13:06.035209,5-1I,NULL,87,NULL,NULL,
55,Shield,2Set:(Crit +100) 4Set:(Crit +130),T6,Opportune Fire,2020-06-08 09:30:25.70384,2020-06-16 10:13:20.798315,2-2H,NULL,62,NULL,NULL,
56,Shield,2Set:(Crit +100) 4Set:(Crit +130),T7,Opportune Fire,2020-06-08 09:30:28.449448,2020-06-16 10:13:26.859207,2-2H,NULL,73,NULL,NULL,
57,Shield,2Set:(Crit +100) 4Set:(Crit +130),T8,Opportune Fire,2020-06-08 09:30:30.992486,2020-06-16 10:13:33.365958,2-2H,NULL,84,NULL,NULL,
58,Shield,2Set:(Max HP +10%) 4Set:(Max HP +13%),T6,Gritty Frost,2020-06-08 09:30:42.013831,2020-06-16 10:13:40.761381,2-2H,NULL,62,NULL,NULL,
59,Shield,2Set:(Max HP +10%) 4Set:(Max HP +13%),T7,Gritty Frost,2020-06-08 09:30:44.349105,2020-06-16 10:13:47.009931,2-2H,NULL,73,NULL,NULL,
60,Shield,2Set:(Max HP +10%) 4Set:(Max HP +13%),T8,Gritty Frost,2020-06-08 09:30:47.026032,2020-06-16 10:13:54.28493,2-2H,NULL,84,NULL,NULL,
61,Shield,2Set:(Crit Resistance +100) 4Set:(Crit Resistance +130),T6,Unrelenting Poison,2020-06-08 09:30:56.91158,2020-06-16 10:14:01.361805,2-2H,NULL,62,NULL,NULL,
62,Shield,2Set:(Crit Resistance +100) 4Set:(Crit Resistance +130),T7,Unrelenting Poison,2020-06-08 09:31:00.579096,2020-06-16 10:14:06.798521,2-2H,NULL,73,NULL,NULL,
63,Shield,2Set:(Crit Resistance +100) 4Set:(Crit Resistance +130),T8,Unrelenting Poison,2020-06-08 09:31:03.694135,2020-06-16 10:14:12.724687,2-2H,NULL,84,NULL,NULL,
64,Shield,2Set:(MP Recovery/Attack +200) 4Set:(MP Recovery/Attack +260),T6,Swift Darkness,2020-06-08 09:31:13.868819,2020-06-16 10:14:18.791143,2-2H,NULL,62,NULL,NULL,
65,Shield,2Set:(MP Recovery/Attack +200) 4Set:(MP Recovery/Attack +260),T7,Swift Darkness,2020-06-08 09:31:16.572264,2020-06-16 10:14:24.253784,2-2H,NULL,73,NULL,NULL,
66,Shield,2Set:(MP Recovery/Attack +200) 4Set:(MP Recovery/Attack +260),T8,Swift Darkness,2020-06-08 09:31:19.255978,2020-06-16 10:14:30.560576,2-2H,NULL,84,NULL,NULL,
67,Shield,2Set:(Crit DMG +20%) 4Set:(Crit DMG +26%),T8,Lava,2020-06-08 09:31:28.769006,2020-06-16 10:14:37.714407,2-2H,NULL,84,NULL,NULL,
68,Evil Spirit's Helmet,2Set:(Debuff ACC +100) 4Set:(Debuff ACC +130),T8,Legendary,2020-06-08 09:31:40.812266,2020-06-16 10:14:43.351294,2-2H,NULL,84,NULL,NULL,
69,Shield,2Set:(Increases DMG to Heroes by 7%) 4Set:(Increases DMG to Heroes by 13%),T8,Hero Suppression,2020-06-08 09:31:56.448194,2020-06-16 10:14:50.642637,2-2H,NULL,84,NULL,NULL,
70,Shield,2Set:(Reduces DMG recieved from Heroes by 6%) 4Set:(Reduces DMG recieved from Heroes by 11%),T8,Hero Protection,2020-06-08 09:32:04.482655,2020-06-16 10:15:00.517149,2-2H,NULL,84,NULL,NULL,
71,Shield,2Set:(Increases Crit DMG of all allies by 5%) 4Set:(Increases Crit DMG of all allies by 8%),T8,Dark Legion,2020-06-08 09:32:15.275805,2020-06-16 10:15:06.317492,2-2H,NULL,84,NULL,NULL,
72,Shield,2Set:(Hero deals 12% more DMG and takes 12% less DMG from bosses) 4Set:(Hero deals 15% more DMG and takes 15% less DMG from bosses),T8,Beast of Chaos,2020-06-08 09:32:22.200064,2020-06-16 10:15:12.820079,2-2H,NULL,84,NULL,NULL,
73,Leather Cape,2Set:(Crit +100) 4Set:(Crit +130),T6,Opportune Fire,2020-06-08 09:54:41.110146,2020-06-16 10:15:24.030045,4-2L,NULL,64,NULL,NULL,
74,Leather Cape,2Set:(Crit +100) 4Set:(Crit +130),T7,Opportune Fire,2020-06-08 09:54:45.015247,2020-06-16 10:15:29.697645,4-2L,NULL,75,NULL,NULL,
75,Leather Cape,2Set:(Crit +100) 4Set:(Crit +130),T8,Opportune Fire,2020-06-08 09:54:50.035762,2020-06-16 10:15:40.776661,4-2L,NULL,86,NULL,NULL,
76,Leather Cape,2Set:(Max HP +10%) 4Set:(Max HP +13%),T6,Gritty Frost,2020-06-08 09:54:58.944643,2020-06-16 10:15:45.625604,4-2L,NULL,64,NULL,NULL,
77,Leather Cape,2Set:(Max HP +10%) 4Set:(Max HP +13%),T7,Gritty Frost,2020-06-08 09:55:01.983046,2020-06-16 10:15:50.929378,4-2L,NULL,75,NULL,NULL,
78,Leather Cape,2Set:(Max HP +10%) 4Set:(Max HP +13%),T8,Gritty Frost,2020-06-08 09:55:04.568965,2020-06-16 10:15:56.190651,4-2L,NULL,86,NULL,NULL,
79,Leather Cape,2Set:(Crit Resistance +100) 4Set:(Crit Resistance +130),T6,Unrelenting Poison,2020-06-08 09:55:13.620063,2020-06-16 10:16:03.995889,4-2L,NULL,64,NULL,NULL,
80,Leather Cape,2Set:(Crit Resistance +100) 4Set:(Crit Resistance +130),T7,Unrelenting Poison,2020-06-08 09:55:16.026297,2020-06-16 10:16:10.624501,4-2L,NULL,75,NULL,NULL,
81,Leather Cape,2Set:(Crit Resistance +100) 4Set:(Crit Resistance +130),T8,Unrelenting Poison,2020-06-08 09:55:18.52932,2020-06-16 10:16:17.314696,4-2L,NULL,86,NULL,NULL,
82,Leather Cape,2Set:(MP Recovery/Attack +200) 4Set:(MP Recovery/Attack +260),T6,Swift Darkness,2020-06-08 09:55:27.073121,2020-06-16 10:16:23.127907,4-2L,NULL,64,NULL,NULL,
83,Leather Cape,2Set:(MP Recovery/Attack +200) 4Set:(MP Recovery/Attack +260),T7,Swift Darkness,2020-06-08 09:55:29.607728,2020-06-16 10:16:28.843762,4-2L,NULL,75,NULL,NULL,
84,Leather Cape,2Set:(MP Recovery/Attack +200) 4Set:(MP Recovery/Attack +260),T8,Swift Darkness,2020-06-08 09:55:32.084697,2020-06-16 10:16:34.720805,4-2L,NULL,86,NULL,NULL,
85,Cape,2Set:(Crit DMG +20%) 4Set:(Crit DMG +26%),T8,Lava,2020-06-08 09:55:57.545757,2020-06-16 10:16:41.373997,4-2L,NULL,86,NULL,NULL,
86,Valiant Claw,2Set:(Debuff ACC +100) 4Set:(Debuff ACC +130),T8,Legendary,2020-06-08 09:56:06.151354,2020-06-16 10:16:46.7399,4-2L,NULL,86,NULL,NULL,
87,Leather Cape,2Set:(Increases DMG to Heroes by 7%) 4Set:(Increases DMG to Heroes by 13%),T8,Hero Suppression,2020-06-08 09:56:16.703709,2020-06-16 10:16:58.950042,4-2L,NULL,86,NULL,NULL,
88,Leather Cape,2Set:(Reduces DMG recieved from Heroes by 6%) 4Set:(Reduces DMG recieved from Heroes by 11%),T8,Hero Protection,2020-06-08 09:56:23.316079,2020-06-16 10:17:04.827557,4-2L,NULL,86,NULL,NULL,
89,Leather Cape,2Set:(Increases Crit DMG of all allies by 5%) 4Set:(Increases Crit DMG of all allies by 8%),T8,Dark Legion,2020-06-08 09:56:29.73371,2020-06-16 10:17:09.769399,4-2L,NULL,86,NULL,NULL,
90,Leather Armguard,2Set:(Hero deals 12% more DMG and takes 12% less DMG from bosses) 4Set:(Hero deals 15% more DMG and takes 15% less DMG from bosses),T8,Beast of Chaos,2020-06-08 09:56:42.043147,2020-06-16 10:17:16.438803,4-2L,NULL,86,NULL,NULL,
91,Hat,2Set:(Crit +100) 4Set:(Crit +130),T6,Opportune Fire,2020-06-08 10:01:56.212592,2020-06-16 10:17:30.244437,6-2I,NULL,66,NULL,NULL,
92,Hat,2Set:(Crit +100) 4Set:(Crit +130),T7,Opportune Fire,2020-06-08 10:01:59.016314,2020-06-16 10:17:36.071869,6-2I,NULL,77,NULL,NULL,
93,Hat,2Set:(Crit +100) 4Set:(Crit +130),T8,Opportune Fire,2020-06-08 10:02:01.75362,2020-06-16 10:17:40.927563,6-2I,NULL,88,NULL,NULL,
94,Hat,2Set:(Max HP +10%) 4Set:(Max HP +13%),T6,Gritty Frost,2020-06-08 10:02:13.733489,2020-06-16 10:17:45.964836,6-2I,NULL,66,NULL,NULL,
95,Hat,2Set:(Max HP +10%) 4Set:(Max HP +13%),T7,Gritty Frost,2020-06-08 10:02:16.575646,2020-06-16 10:17:50.536954,6-2I,NULL,77,NULL,NULL,
96,Hat,2Set:(Max HP +10%) 4Set:(Max HP +13%),T8,Gritty Frost,2020-06-08 10:02:19.105262,2020-06-16 10:17:56.597592,6-2I,NULL,88,NULL,NULL,
97,Hat,2Set:(Crit Resistance +100) 4Set:(Crit Resistance +130),T6,Unrelenting Poison,2020-06-08 10:02:29.841709,2020-06-16 10:18:02.707732,6-2I,NULL,66,NULL,NULL,
98,Hat,2Set:(Crit Resistance +100) 4Set:(Crit Resistance +130),T7,Unrelenting Poison,2020-06-08 10:02:32.409717,2020-06-16 10:18:08.18959,6-2I,NULL,77,NULL,NULL,
99,Hat,2Set:(Crit Resistance +100) 4Set:(Crit Resistance +130),T8,Unrelenting Poison,2020-06-08 10:02:35.455723,2020-06-16 10:18:13.689897,6-2I,NULL,88,NULL,NULL,
100,Hat,2Set:(MP Recovery/Attack +200) 4Set:(MP Recovery/Attack +260),T6,Swift Darkness,2020-06-08 10:02:45.473372,2020-06-16 10:18:21.355745,6-2I,NULL,66,NULL,NULL,
101,Hat,2Set:(MP Recovery/Attack +200) 4Set:(MP Recovery/Attack +260),T7,Swift Darkness,2020-06-08 10:02:48.161583,2020-06-16 10:18:26.384029,6-2I,NULL,77,NULL,NULL,
102,Hat,2Set:(MP Recovery/Attack +200) 4Set:(MP Recovery/Attack +260),T8,Swift Darkness,2020-06-08 10:02:50.860797,2020-06-16 10:18:31.480892,6-2I,NULL,88,NULL,NULL,
103,Shoes,2Set:(Crit DMG +20%) 4Set:(Crit DMG +26%),T8,Lava,2020-06-08 10:03:07.188415,2020-06-16 10:18:37.028549,6-2I,NULL,88,NULL,NULL,
104,Flame Hood,2Set:(Debuff ACC +100) 4Set:(Debuff ACC +130),T8,Legendary,2020-06-08 10:03:16.900277,2020-06-16 10:18:42.558063,6-2I,NULL,88,NULL,NULL,
105,Hat,2Set:(Increases DMG to Heroes by 7%) 4Set:(Increases DMG to Heroes by 13%),T8,Hero Suppression,2020-06-08 10:03:27.288129,2020-06-16 10:18:49.317684,6-2I,NULL,88,NULL,NULL,
106,Hat,2Set:(Reduces DMG recieved from Heroes by 6%) 4Set:(Reduces DMG recieved from Heroes by 11%),T8,Hero Protection,2020-06-08 10:03:34.484026,2020-06-16 10:18:55.612733,6-2I,NULL,88,NULL,NULL,
107,Hat,2Set:(Increases Crit DMG of all allies by 5%) 4Set:(Increases Crit DMG of all allies by 8%),T8,Dark Legion,2020-06-08 10:03:41.809195,2020-06-16 10:19:01.894371,6-2I,NULL,88,NULL,NULL,
108,Hat,2Set:(Hero deals 12% more DMG and takes 12% less DMG from bosses) 4Set:(Hero deals 15% more DMG and takes 15% less DMG from bosses),T8,Beast of Chaos,2020-06-08 10:03:49.768145,2020-06-16 10:19:08.080502,6-2I,NULL,88,NULL,NULL,
109,Plate Armor,2Set:(Hero deals 12% more DMG and takes 12% less DMG from bosses) 4Set:(Hero deals 15% more DMG and takes 15% less DMG from bosses),T7,Beast of Chaos,2020-06-08 10:04:09.933359,2020-06-16 10:19:17.650948,1-1H,NULL,72,NULL,NULL,
110,Plate Armor,2Set:(Hero deals 12% more DMG and takes 12% less DMG from bosses) 4Set:(Hero deals 15% more DMG and takes 15% less DMG from bosses),T6,Beast of Chaos,2020-06-08 10:04:12.717624,2020-06-16 10:19:25.181353,1-1H,NULL,61,NULL,NULL,
111,Shield,2Set:(Hero deals 12% more DMG and takes 12% less DMG from bosses) 4Set:(Hero deals 15% more DMG and takes 15% less DMG from bosses),T7,Beast of Chaos,2020-06-08 10:04:25.138906,2020-06-16 10:19:34.911497,2-2H,NULL,73,NULL,NULL,
112,Shield,2Set:(Hero deals 12% more DMG and takes 12% less DMG from bosses) 4Set:(Hero deals 15% more DMG and takes 15% less DMG from bosses),T6,Beast of Chaos,2020-06-08 10:04:27.997759,2020-06-16 10:19:39.71561,2-2H,NULL,62,NULL,NULL,
113,Leather Armor,2Set:(Hero deals 12% more DMG and takes 12% less DMG from bosses) 4Set:(Hero deals 15% more DMG and takes 15% less DMG from bosses),T7,Beast of Chaos,2020-06-08 10:04:47.647729,2020-06-16 10:19:47.469909,3-1L,NULL,74,NULL,NULL,
114,Leather Armor,2Set:(Hero deals 12% more DMG and takes 12% less DMG from bosses) 4Set:(Hero deals 15% more DMG and takes 15% less DMG from bosses),T6,Beast of Chaos,2020-06-08 10:04:50.679838,2020-06-16 10:19:53.994099,3-1L,NULL,63,NULL,NULL,
115,Leather Armguard,2Set:(Hero deals 12% more DMG and takes 12% less DMG from bosses) 4Set:(Hero deals 15% more DMG and takes 15% less DMG from bosses),T7,Beast of Chaos,2020-06-08 10:05:05.088343,2020-06-16 10:20:01.590012,4-2L,NULL,75,NULL,NULL,
116,Leather Armguard,2Set:(Hero deals 12% more DMG and takes 12% less DMG from bosses) 4Set:(Hero deals 15% more DMG and takes 15% less DMG from bosses),T6,Beast of Chaos,2020-06-08 10:05:07.919637,2020-06-16 10:20:09.764061,4-2L,NULL,64,NULL,NULL,
117,Robe,2Set:(Hero deals 12% more DMG and takes 12% less DMG from bosses) 4Set:(Hero deals 15% more DMG and takes 15% less DMG from bosses),T7,Beast of Chaos,2020-06-08 10:05:19.402415,2020-06-16 10:20:18.210891,5-1I,NULL,76,NULL,NULL,
118,Robe,2Set:(Hero deals 12% more DMG and takes 12% less DMG from bosses) 4Set:(Hero deals 15% more DMG and takes 15% less DMG from bosses),T6,Beast of Chaos,2020-06-08 10:05:21.896837,2020-06-16 10:20:23.062784,5-1I,NULL,65,NULL,NULL,
119,Hat,2Set:(Hero deals 12% more DMG and takes 12% less DMG from bosses) 4Set:(Hero deals 15% more DMG and takes 15% less DMG from bosses),T7,Beast of Chaos,2020-06-08 10:05:32.209034,2020-06-16 10:20:29.099865,6-2I,NULL,77,NULL,NULL,
120,Hat,2Set:(Hero deals 12% more DMG and takes 12% less DMG from bosses) 4Set:(Hero deals 15% more DMG and takes 15% less DMG from bosses),T6,Beast of Chaos,2020-06-08 10:05:34.559959,2020-06-16 10:20:35.023577,6-2I,NULL,66,NULL,NULL,
121,Ring,2Set:(Crit +100) 4Set:(Crit +130),T6,Opportune Fire,2020-06-08 15:28:27.121581,2020-06-16 10:20:49.118873,7-J,NULL,67,NULL,NULL,
122,Ring,2Set:(Crit +100) 4Set:(Crit +130),T7,Opportune Fire,2020-06-08 15:28:30.683475,2020-06-16 10:20:57.184667,7-J,NULL,78,NULL,NULL,
123,Ring,2Set:(Crit +100) 4Set:(Crit +130),T8,Opportune Fire,2020-06-08 15:28:33.22999,2020-06-16 10:21:02.916327,7-J,NULL,89,NULL,NULL,
124,Ring,2Set:(Max HP +10%) 4Set:(Max HP +13%),T6,Gritty Frost,2020-06-08 15:28:42.136682,2020-06-16 10:21:09.371696,7-J,NULL,67,NULL,NULL,
125,Ring,2Set:(Max HP +10%) 4Set:(Max HP +13%),T7,Gritty Frost,2020-06-08 15:28:44.758467,2020-06-16 10:21:14.711636,7-J,NULL,78,NULL,NULL,
126,Ring,2Set:(Max HP +10%) 4Set:(Max HP +13%),T8,Gritty Frost,2020-06-08 15:28:47.2166,2020-06-16 10:21:20.399299,7-J,NULL,89,NULL,NULL,
127,Ring,2Set:(Crit Resistance +100) 4Set:(Crit Resistance +130),T6,Unrelenting Poison,2020-06-08 15:29:21.738289,2020-06-16 10:21:29.90211,7-J,NULL,67,NULL,NULL,
128,Ring,2Set:(Crit Resistance +100) 4Set:(Crit Resistance +130),T7,Unrelenting Poison,2020-06-08 15:29:25.431769,2020-06-16 10:21:35.11605,7-J,NULL,78,NULL,NULL,
129,Ring,2Set:(Crit Resistance +100) 4Set:(Crit Resistance +130),T8,Unrelenting Poison,2020-06-08 15:29:27.892592,2020-06-16 10:21:41.317592,7-J,NULL,89,NULL,NULL,
130,Ring,2Set:(MP Recovery/Attack +200) 4Set:(MP Recovery/Attack +260),T6,Swift Darkness,2020-06-08 15:29:40.431096,2020-06-16 10:21:48.650129,7-J,NULL,67,NULL,NULL,
131,Ring,2Set:(MP Recovery/Attack +200) 4Set:(MP Recovery/Attack +260),T7,Swift Darkness,2020-06-08 15:29:43.27358,2020-06-16 10:21:53.947231,7-J,NULL,78,NULL,NULL,
132,Ring,2Set:(MP Recovery/Attack +200) 4Set:(MP Recovery/Attack +260),T8,Swift Darkness,2020-06-08 15:29:45.987648,2020-06-16 10:21:59.575917,7-J,NULL,89,NULL,NULL,
133,Ring,2Set:(Crit DMG +20%) 4Set:(Crit DMG +26%),T8,Lava,2020-06-08 15:29:56.850957,2020-06-16 10:22:06.500711,7-J,NULL,89,NULL,NULL,
134,Hell's Eyes,2Set:(Debuff ACC +100) 4Set:(Debuff ACC +130),T8,Legendary,2020-06-08 15:30:07.536841,2020-06-16 10:22:11.359195,7-J,NULL,89,NULL,NULL,
135,Ring,2Set:(Increases DMG to Heroes by 7%) 4Set:(Increases DMG to Heroes by 13%),T8,Hero Suppression,2020-06-08 15:30:24.580562,2020-06-16 10:22:18.054979,7-J,NULL,89,NULL,NULL,
136,Ring,2Set:(Reduces DMG recieved from Heroes by 6%) 4Set:(Reduces DMG recieved from Heroes by 11%),T8,Hero Protection,2020-06-08 15:30:33.347293,2020-06-16 10:22:23.523808,7-J,NULL,89,NULL,NULL,
137,Ring,2Set:(Increases Crit DMG of all allies by 5%) 4Set:(Increases Crit DMG of all allies by 8%),T8,Dark Legion,2020-06-08 15:30:42.255368,2020-06-16 10:22:30.051308,7-J,NULL,89,NULL,NULL,
138,Ring,2Set:(Hero deals 12% more DMG and takes 12% less DMG from bosses) 4Set:(Hero deals 15% more DMG and takes 15% less DMG from bosses),T6,Beast of Chaos,2020-06-08 15:30:51.872101,2020-06-16 10:22:37.467738,7-J,NULL,67,NULL,NULL,
139,Ring,2Set:(Hero deals 12% more DMG and takes 12% less DMG from bosses) 4Set:(Hero deals 15% more DMG and takes 15% less DMG from bosses),T7,Beast of Chaos,2020-06-08 15:30:55.232677,2020-06-16 10:22:45.772924,7-J,NULL,78,NULL,NULL,
140,Ring,2Set:(Hero deals 12% more DMG and takes 12% less DMG from bosses) 4Set:(Hero deals 15% more DMG and takes 15% less DMG from bosses),T8,Beast of Chaos,2020-06-08 15:30:57.980798,2020-06-16 10:22:51.579671,7-J,NULL,89,NULL,NULL,
141,Earrings,2Set:(Crit +100) 4Set:(Crit +130),T6,Opportune Fire,2020-06-08 15:31:11.752621,2020-06-16 10:41:55.502872,7-J,NULL,68,NULL,NULL,
142,Earrings,2Set:(Crit +100) 4Set:(Crit +130),T7,Opportune Fire,2020-06-08 15:31:14.197295,2020-06-16 10:42:01.390967,7-J,NULL,79,NULL,NULL,
143,Earrings,2Set:(Crit +100) 4Set:(Crit +130),T8,Opportune Fire,2020-06-08 15:31:16.891565,2020-06-16 10:42:07.034386,7-J,NULL,90,NULL,NULL,
144,Earrings,2Set:(Max HP +10%) 4Set:(Max HP +13%),T6,Gritty Frost,2020-06-08 15:31:24.262778,2020-06-16 10:42:12.74581,7-J,NULL,68,NULL,NULL,
145,Earrings,2Set:(Max HP +10%) 4Set:(Max HP +13%),T7,Gritty Frost,2020-06-08 15:31:26.530494,2020-06-16 10:42:18.505224,7-J,NULL,79,NULL,NULL,
146,Earrings,2Set:(Max HP +10%) 4Set:(Max HP +13%),T8,Gritty Frost,2020-06-08 15:31:28.714612,2020-06-16 10:42:24.798568,7-J,NULL,90,NULL,NULL,
147,Earrings,2Set:(Crit Resistance +100) 4Set:(Crit Resistance +130),T6,Unrelenting Poison,2020-06-08 15:31:36.319451,2020-06-16 10:42:31.121192,7-J,NULL,68,NULL,NULL,
148,Earrings,2Set:(Crit Resistance +100) 4Set:(Crit Resistance +130),T7,Unrelenting Poison,2020-06-08 15:31:41.407907,2020-06-16 10:42:36.879352,7-J,NULL,79,NULL,NULL,
149,Earrings,2Set:(Crit Resistance +100) 4Set:(Crit Resistance +130),T8,Unrelenting Poison,2020-06-08 15:31:44.146517,2020-06-16 10:42:42.64486,7-J,NULL,90,NULL,NULL,
150,Earrings,2Set:(MP Recovery/Attack +200) 4Set:(MP Recovery/Attack +260),T6,Swift Darkness,2020-06-08 15:31:55.700271,2020-06-16 10:42:52.793104,7-J,NULL,68,NULL,NULL,
151,Earrings,2Set:(MP Recovery/Attack +200) 4Set:(MP Recovery/Attack +260),T7,Swift Darkness,2020-06-08 15:31:58.325005,2020-06-16 10:42:59.200179,7-J,NULL,79,NULL,NULL,
152,Earrings,2Set:(MP Recovery/Attack +200) 4Set:(MP Recovery/Attack +260),T8,Swift Darkness,2020-06-08 15:32:00.758171,2020-06-16 10:43:04.888831,7-J,NULL,90,NULL,NULL,
153,Earrings,2Set:(Crit DMG +20%) 4Set:(Crit DMG +26%),T8,Lava,2020-06-08 15:32:44.350284,2020-06-16 10:43:11.068037,7-J,NULL,90,NULL,NULL,
154,Fire Dragon's Blessing,2Set:(Debuff ACC +100) 4Set:(Debuff ACC +130),T8,Legendary,2020-06-08 15:35:29.902595,2020-06-16 10:43:17.67441,7-J,NULL,90,NULL,NULL,
155,Earrings,2Set:(Increases DMG to Heroes by 7%) 4Set:(Increases DMG to Heroes by 13%),T8,Hero Suppression,2020-06-08 15:35:41.357861,2020-06-16 10:43:25.637475,7-J,NULL,90,NULL,NULL,
156,Earrings,2Set:(Reduces DMG recieved from Heroes by 6%) 4Set:(Reduces DMG recieved from Heroes by 11%),T8,Hero Protection,2020-06-08 15:35:50.405736,2020-06-16 10:43:31.555307,7-J,NULL,90,NULL,NULL,
157,Earrings,2Set:(Increases Crit DMG of all allies by 5%) 4Set:(Increases Crit DMG of all allies by 8%),T8,Dark Legion,2020-06-08 15:35:58.808061,2020-06-16 10:43:37.060773,7-J,NULL,90,NULL,NULL,
158,Earrings,2Set:(Hero deals 12% more DMG and takes 12% less DMG from bosses) 4Set:(Hero deals 15% more DMG and takes 15% less DMG from bosses),T6,Beast of Chaos,2020-06-08 15:36:11.014706,2020-06-16 10:43:42.33772,7-J,NULL,68,NULL,NULL,
159,Earrings,2Set:(Hero deals 12% more DMG and takes 12% less DMG from bosses) 4Set:(Hero deals 15% more DMG and takes 15% less DMG from bosses),T7,Beast of Chaos,2020-06-08 15:36:14.407387,2020-06-16 10:43:47.253728,7-J,NULL,79,NULL,NULL,
160,Earrings,2Set:(Hero deals 12% more DMG and takes 12% less DMG from bosses) 4Set:(Hero deals 15% more DMG and takes 15% less DMG from bosses),T8,Beast of Chaos,2020-06-08 15:36:17.334386,2020-06-16 10:43:52.244604,7-J,NULL,90,NULL,NULL,
161,Necklace,2Set:(Crit +100) 4Set:(Crit +130),T6,Opportune Fire,2020-06-08 15:37:01.936323,2020-06-16 10:46:33.334022,7-J,NULL,69,NULL,NULL,
162,Necklace,2Set:(Crit +100) 4Set:(Crit +130),T7,Opportune Fire,2020-06-08 15:37:06.841101,2020-06-16 10:46:40.03599,7-J,NULL,80,NULL,NULL,
163,Necklace,2Set:(Crit +100) 4Set:(Crit +130),T8,Opportune Fire,2020-06-08 15:37:09.264171,2020-06-16 10:46:47.418734,7-J,NULL,91,NULL,NULL,
164,Necklace,2Set:(Max HP +10%) 4Set:(Max HP +13%),T6,Gritty Frost,2020-06-08 15:37:19.211855,2020-06-16 10:46:53.648808,7-J,NULL,69,NULL,NULL,
165,Necklace,2Set:(Max HP +10%) 4Set:(Max HP +13%),T7,Gritty Frost,2020-06-08 15:37:21.831489,2020-06-16 10:46:59.583218,7-J,NULL,80,NULL,NULL,
166,Necklace,2Set:(Max HP +10%) 4Set:(Max HP +13%),T8,Gritty Frost,2020-06-08 15:37:24.498774,2020-06-16 10:47:05.31187,7-J,NULL,91,NULL,NULL,
167,Necklace,2Set:(Crit Resistance +100) 4Set:(Crit Resistance +130),T6,Unrelenting Poison,2020-06-08 15:37:40.565319,2020-06-16 10:47:12.499114,7-J,NULL,69,NULL,NULL,
168,Necklace,2Set:(Crit Resistance +100) 4Set:(Crit Resistance +130),T7,Unrelenting Poison,2020-06-08 15:37:43.010611,2020-06-16 10:47:17.668808,7-J,NULL,80,NULL,NULL,
169,Necklace,2Set:(Crit Resistance +100) 4Set:(Crit Resistance +130),T8,Unrelenting Poison,2020-06-08 15:37:45.759745,2020-06-16 10:47:22.833033,7-J,NULL,91,NULL,NULL,
170,Necklace,2Set:(MP Recovery/Attack +200) 4Set:(MP Recovery/Attack +260),T6,Swift Darkness,2020-06-08 15:37:56.206766,2020-06-16 10:47:28.735673,7-J,NULL,69,NULL,NULL,
171,Necklace,2Set:(MP Recovery/Attack +200) 4Set:(MP Recovery/Attack +260),T7,Swift Darkness,2020-06-08 15:37:59.06738,2020-06-16 10:47:34.628657,7-J,NULL,80,NULL,NULL,
172,Necklace,2Set:(MP Recovery/Attack +200) 4Set:(MP Recovery/Attack +260),T8,Swift Darkness,2020-06-08 15:38:01.631554,2020-06-16 10:47:39.652329,7-J,NULL,91,NULL,NULL,
173,Necklace,2Set:(Crit DMG +20%) 4Set:(Crit DMG +26%),T8,Lava,2020-06-08 15:38:18.494998,2020-06-16 10:47:44.397998,7-J,NULL,91,NULL,NULL,
174,Price of Arrogance,2Set:(Debuff ACC +100) 4Set:(Debuff ACC +130),T8,Legendary,2020-06-08 15:38:31.39467,2020-06-16 10:47:52.431869,7-J,NULL,91,NULL,NULL,
175,Necklace,2Set:(Increases DMG to Heroes by 7%) 4Set:(Increases DMG to Heroes by 13%),T8,Hero Suppression,2020-06-08 15:38:40.398978,2020-06-16 10:47:58.55084,7-J,NULL,91,NULL,NULL,
176,Necklace,2Set:(Reduces DMG recieved from Heroes by 6%) 4Set:(Reduces DMG recieved from Heroes by 11%),T8,Hero Protection,2020-06-08 15:38:48.138193,2020-06-16 10:48:04.10373,7-J,NULL,91,NULL,NULL,
177,Necklace,2Set:(Increases Crit DMG of all allies by 5%) 4Set:(Increases Crit DMG of all allies by 8%),T8,Dark Legion,2020-06-08 15:38:57.894353,2020-06-16 10:48:10.034222,7-J,NULL,91,NULL,NULL,
178,Necklace,2Set:(Hero deals 12% more DMG and takes 12% less DMG from bosses) 4Set:(Hero deals 15% more DMG and takes 15% less DMG from bosses),T6,Beast of Chaos,2020-06-08 15:39:08.311645,2020-06-16 10:48:15.46728,7-J,NULL,69,NULL,NULL,
179,Necklace,2Set:(Hero deals 12% more DMG and takes 12% less DMG from bosses) 4Set:(Hero deals 15% more DMG and takes 15% less DMG from bosses),T7,Beast of Chaos,2020-06-08 15:39:11.597624,2020-06-16 10:48:20.984095,7-J,NULL,80,NULL,NULL,
180,Necklace,2Set:(Hero deals 12% more DMG and takes 12% less DMG from bosses) 4Set:(Hero deals 15% more DMG and takes 15% less DMG from bosses),T8,Beast of Chaos,2020-06-08 15:39:14.155321,2020-06-16 10:48:26.831546,7-J,NULL,91,NULL,NULL,
181,Bracelet,2Set:(Crit +100) 4Set:(Crit +130),T6,Opportune Fire,2020-06-08 15:39:36.506334,2020-06-16 10:48:35.288286,7-J,NULL,70,NULL,NULL,
182,Bracelet,2Set:(Crit +100) 4Set:(Crit +130),T7,Opportune Fire,2020-06-08 15:39:39.110861,2020-06-16 10:48:40.465186,7-J,NULL,81,NULL,NULL,
183,Bracelet,2Set:(Crit +100) 4Set:(Crit +130),T8,Opportune Fire,2020-06-08 15:39:41.99982,2020-06-16 10:48:45.747399,7-J,NULL,92,NULL,NULL,
184,Bracelet,2Set:(Max HP +10%) 4Set:(Max HP +13%),T6,Gritty Frost,2020-06-08 15:39:51.522572,2020-06-16 10:48:50.25296,7-J,NULL,70,NULL,NULL,
185,Bracelet,2Set:(Max HP +10%) 4Set:(Max HP +13%),T7,Gritty Frost,2020-06-08 15:39:54.249796,2020-06-16 10:48:55.010555,7-J,NULL,81,NULL,NULL,
186,Bracelet,2Set:(Max HP +10%) 4Set:(Max HP +13%),T8,Gritty Frost,2020-06-08 15:39:56.781108,2020-06-16 10:49:00.420356,7-J,NULL,92,NULL,NULL,
187,Bracelet,2Set:(Crit Resistance +100) 4Set:(Crit Resistance +130),T6,Unrelenting Poison,2020-06-08 15:40:47.399536,2020-06-16 10:49:08.589066,7-J,NULL,70,NULL,NULL,
188,Bracelet,2Set:(Crit Resistance +100) 4Set:(Crit Resistance +130),T7,Unrelenting Poison,2020-06-08 15:40:51.963877,2020-06-16 10:49:15.266036,7-J,NULL,81,NULL,NULL,
189,Bracelet,2Set:(Crit Resistance +100) 4Set:(Crit Resistance +130),T8,Unrelenting Poison,2020-06-08 15:40:54.441842,2020-06-16 10:49:20.96477,7-J,NULL,92,NULL,NULL,
190,Bracelet,2Set:(MP Recovery/Attack +200) 4Set:(MP Recovery/Attack +260),T6,Swift Darkness,2020-06-08 15:41:04.65992,2020-06-16 10:49:28.037569,7-J,NULL,70,NULL,NULL,
191,Bracelet,2Set:(MP Recovery/Attack +200) 4Set:(MP Recovery/Attack +260),T7,Swift Darkness,2020-06-08 15:41:11.977233,2020-06-16 10:49:37.499866,7-J,NULL,81,NULL,NULL,
192,Bracelet,2Set:(MP Recovery/Attack +200) 4Set:(MP Recovery/Attack +260),T8,Swift Darkness,2020-06-08 15:41:14.606739,2020-06-16 10:49:43.085258,7-J,NULL,92,NULL,NULL,
193,Bracelet,2Set:(Crit DMG +20%) 4Set:(Crit DMG +26%),T8,Lava,2020-06-08 15:41:23.207482,2020-06-16 10:49:48.992989,7-J,NULL,92,NULL,NULL,
194,Fire Circle,2Set:(Debuff ACC +100) 4Set:(Debuff ACC +130),T8,Legendary,2020-06-08 15:41:30.995601,2020-06-16 10:49:56.294689,7-J,NULL,92,NULL,NULL,
195,Bracelet,2Set:(Increases DMG to Heroes by 7%) 4Set:(Increases DMG to Heroes by 13%),T8,Hero Suppression,2020-06-08 15:41:41.010832,2020-06-16 10:50:02.21494,7-J,NULL,92,NULL,NULL,
196,Bracelet,2Set:(Reduces DMG recieved from Heroes by 6%) 4Set:(Reduces DMG recieved from Heroes by 11%),T8,Hero Protection,2020-06-08 15:41:49.610237,2020-06-16 10:50:09.674179,7-J,NULL,92,NULL,NULL,
197,Bracelet,2Set:(Increases Crit DMG of all allies by 5%) 4Set:(Increases Crit DMG of all allies by 8%),T8,Dark Legion,2020-06-08 15:41:56.660348,2020-06-16 10:50:14.900048,7-J,NULL,92,NULL,NULL,
198,Bracelet,2Set:(Hero deals 12% more DMG and takes 12% less DMG from bosses) 4Set:(Hero deals 15% more DMG and takes 15% less DMG from bosses),T6,Beast of Chaos,2020-06-08 15:42:04.430979,2020-06-16 10:50:23.150088,7-J,NULL,70,NULL,NULL,
199,Bracelet,2Set:(Hero deals 12% more DMG and takes 12% less DMG from bosses) 4Set:(Hero deals 15% more DMG and takes 15% less DMG from bosses),T7,Beast of Chaos,2020-06-08 15:42:07.106052,2020-06-16 10:50:28.314594,7-J,NULL,81,NULL,NULL,
200,Bracelet,2Set:(Hero deals 12% more DMG and takes 12% less DMG from bosses) 4Set:(Hero deals 15% more DMG and takes 15% less DMG from bosses),T8,Beast of Chaos,2020-06-08 15:42:09.474609,2020-06-16 10:50:35.135655,7-J,NULL,92,NULL,NULL,
201,Orb,2Set:(Crit +100) 4Set:(Crit +130),T6,Opportune Fire,2020-06-08 15:42:52.432125,2020-06-16 10:50:49.825713,8-O,NULL,71,NULL,NULL,
202,Orb,2Set:(Crit +100) 4Set:(Crit +130),T7,Opportune Fire,2020-06-08 15:42:55.393228,2020-06-16 10:50:56.486556,8-O,NULL,82,NULL,NULL,
203,Orb,2Set:(Crit +100) 4Set:(Crit +130),T8,Opportune Fire,2020-06-08 15:42:58.448328,2020-06-16 10:51:01.982079,8-O,NULL,93,NULL,NULL,
204,Orb,2Set:(Max HP +10%) 4Set:(Max HP +13%),T6,Gritty Frost,2020-06-08 15:43:06.691576,2020-06-16 10:51:07.379723,8-O,NULL,71,NULL,NULL,
205,Orb,2Set:(Max HP +10%) 4Set:(Max HP +13%),T7,Gritty Frost,2020-06-08 15:43:14.449241,2020-06-16 10:51:12.21398,8-O,NULL,82,NULL,NULL,
206,Orb,2Set:(Max HP +10%) 4Set:(Max HP +13%),T8,Gritty Frost,2020-06-08 15:43:16.995965,2020-06-16 10:51:17.799757,8-O,NULL,93,NULL,NULL,
207,Orb,2Set:(Crit Resistance +100) 4Set:(Crit Resistance +130),T6,Unrelenting Poison,2020-06-08 15:43:25.662438,2020-06-16 10:51:24.013125,8-O,NULL,71,NULL,NULL,
208,Orb,2Set:(Crit Resistance +100) 4Set:(Crit Resistance +130),T7,Unrelenting Poison,2020-06-08 15:43:28.917398,2020-06-16 10:51:32.630231,8-O,NULL,82,NULL,NULL,
209,Orb,2Set:(Crit Resistance +100) 4Set:(Crit Resistance +130),T8,Unrelenting Poison,2020-06-08 15:43:31.284327,2020-06-16 10:51:37.672322,8-O,NULL,93,NULL,NULL,
210,Orb,2Set:(MP Recovery/Attack +200) 4Set:(MP Recovery/Attack +260),T6,Swift Darkness,2020-06-08 15:43:37.099548,2020-06-16 10:51:43.931454,8-O,NULL,71,NULL,NULL,
211,Orb,2Set:(MP Recovery/Attack +200) 4Set:(MP Recovery/Attack +260),T7,Swift Darkness,2020-06-08 15:43:39.50913,2020-06-16 10:51:49.358456,8-O,NULL,82,NULL,NULL,
212,Orb,2Set:(MP Recovery/Attack +200) 4Set:(MP Recovery/Attack +260),T8,Swift Darkness,2020-06-08 15:43:41.928224,2020-06-16 10:51:55.110666,8-O,NULL,93,NULL,NULL,
213,Orb,2Set:(Crit DMG +20%) 4Set:(Crit DMG +26%),T8,Lava,2020-06-08 15:43:50.670624,2020-06-16 10:52:01.787805,8-O,NULL,93,NULL,NULL,
214,Volcano's Heart,2Set:(Debuff ACC +100) 4Set:(Debuff ACC +130),T8,Legendary,2020-06-08 15:43:57.599284,2020-06-16 10:52:07.594425,8-O,NULL,93,NULL,NULL,
215,Orb,2Set:(Increases DMG to Heroes by 7%) 4Set:(Increases DMG to Heroes by 13%),T8,Hero Suppression,2020-06-08 15:44:04.965303,2020-06-16 10:52:14.488726,8-O,NULL,93,NULL,NULL,
216,Orb,2Set:(Reduces DMG recieved from Heroes by 6%) 4Set:(Reduces DMG recieved from Heroes by 11%),T8,Hero Protection,2020-06-08 15:44:10.911275,2020-06-16 10:52:20.131815,8-O,NULL,93,NULL,NULL,
217,Orb,2Set:(Increases Crit DMG of all allies by 5%) 4Set:(Increases Crit DMG of all allies by 8%),T8,Dark Legion,2020-06-08 15:44:16.894691,2020-06-16 10:52:27.529783,8-O,NULL,93,NULL,NULL,
218,Orb,2Set:(Hero deals 12% more DMG and takes 12% less DMG from bosses) 4Set:(Hero deals 15% more DMG and takes 15% less DMG from bosses),T6,Beast of Chaos,2020-06-08 15:44:26.79379,2020-06-16 10:52:33.726094,8-O,NULL,71,NULL,NULL,
219,Orb,2Set:(Hero deals 12% more DMG and takes 12% less DMG from bosses) 4Set:(Hero deals 15% more DMG and takes 15% less DMG from bosses),T7,Beast of Chaos,2020-06-08 15:44:29.846595,2020-06-16 10:52:38.614492,8-O,NULL,82,NULL,NULL,
220,Orb,2Set:(Hero deals 12% more DMG and takes 12% less DMG from bosses) 4Set:(Hero deals 15% more DMG and takes 15% less DMG from bosses),T8,Beast of Chaos,2020-06-08 15:44:32.040363,2020-06-16 10:52:43.690829,8-O,NULL,93,NULL,NULL,
221,Mana Stone,,T7,,2020-06-08 15:45:06.563523,2020-06-16 10:52:52.595495,9-UT,NULL,82,NULL,NULL,
222,Mana Stone,,T8,,2020-06-08 15:45:10.994265,2020-06-16 10:52:59.065719,9-UT,NULL,93,NULL,NULL,
223,"Noble Fate, Mahitra",,T10,,2020-06-11 14:31:07.905084,2020-06-16 09:45:21.009647,10-UW,1,105,NULL,NULL,
224,"Crystallized Technomagic, Rascal",,T10,,2020-06-11 14:50:45.770242,2020-06-16 09:45:34.357701,10-UW,2,103,NULL,NULL,
225,"Clear Blue Sky, Sherrkyle",,T10,,2020-06-11 14:51:06.459323,2020-06-16 09:45:43.220653,10-UW,3,101,NULL,NULL,
226,"Brilliant Praise, Brauxio",,T10,,2020-06-11 14:51:17.562629,2020-06-16 09:45:51.835155,10-UW,4,105,NULL,NULL,
227,"Solar Halo, Ignisius",,T10,,2020-06-11 14:51:26.778506,2020-06-16 09:46:00.352481,10-UW,5,95,NULL,NULL,
228,"God's Book, Genesis",,T10,,2020-06-11 14:51:36.379152,2020-06-16 09:46:07.226828,10-UW,6,107,NULL,NULL,
229,"Kiln of Futility, Targarios",,T10,,2020-06-11 14:51:48.074103,2020-06-16 09:46:15.393031,10-UW,7,97,NULL,NULL,
230,"Might of the God King, Tyrannicus",,T10,,2020-06-11 14:52:00.960809,2020-06-16 09:46:24.666631,10-UW,8,105,NULL,NULL,
231,"Aurelian Whisper, Goldbreeze",,T10,,2020-06-11 14:52:13.027146,2020-06-16 09:46:32.893606,10-UW,9,107,NULL,NULL,
232,"Supersonic Tempest, Gigantix",,T10,,2020-06-11 14:54:21.674583,2020-06-16 09:46:41.880918,10-UW,10,103,NULL,NULL,
233,Blood Lancer Monolith,,T10,,2020-06-11 14:54:33.485528,2020-06-16 09:46:48.846916,10-UW,11,97,NULL,NULL,
234,"Prism Nova, Arc Lumineir",,T10,,2020-06-11 14:54:42.923777,2020-06-16 09:46:56.11907,10-UW,12,103,NULL,NULL,
235,"The Guardian, Exian",,T10,,2020-06-11 14:54:52.629,2020-06-16 09:47:03.060768,10-UW,13,95,NULL,NULL,
236,"Primal Flame, Flenos",,T10,,2020-06-11 14:56:42.064457,2020-06-16 09:47:09.610555,10-UW,14,105,NULL,NULL,
237,"Hellhound, Akistra",,T10,,2020-06-11 14:56:49.997064,2020-06-16 09:47:16.113782,10-UW,15,103,NULL,NULL,
238,"Lake of Remembrance, Armekith",,T10,,2020-06-11 14:56:58.194342,2020-06-16 09:47:28.37646,10-UW,16,105,NULL,NULL,
239,"The Blue Light, Arpheus",,T10,,2020-06-11 14:57:07.496525,2020-06-16 09:47:36.147251,10-UW,17,95,NULL,NULL,
240,"Tears of the Moon, Nerius",,T10,,2020-06-11 14:57:17.074996,2020-06-16 09:47:43.267785,10-UW,18,101,NULL,NULL,
241,"Ancient Valor, Seliere",,T10,,2020-06-11 14:57:42.192658,2020-06-16 09:47:50.580027,10-UW,19,95,NULL,NULL,
242,"The Seductress, Guillotine",,T10,,2020-06-11 14:57:52.327346,2020-06-16 09:48:05.193243,10-UW,20,99,NULL,NULL,
243,"Essence of Greed, Perion",,T10,,2020-06-11 14:58:00.734026,2020-06-16 09:48:13.003215,10-UW,21,99,NULL,NULL,
244,"Wanderer's Pleasure, Lu Etrona Dice",,T10,,2020-06-11 14:58:10.218941,2020-06-16 09:48:21.861607,10-UW,22,105,NULL,NULL,
245,"Small Synthesized Darkness, Naav Gehen",,T10,,2020-06-11 14:58:19.024544,2020-06-16 09:48:29.02585,10-UW,82,107,NULL,NULL,
246,Jailer of Despair Barbatos,,T10,,2020-06-11 14:58:27.962159,2020-06-16 09:48:35.899209,10-UW,83,99,NULL,NULL,
247,"Twinswords of Fury, Veralta",,T10,,2020-06-11 14:58:37.915471,2020-06-16 09:48:44.89928,10-UW,84,99,NULL,NULL,
248,"God's Authority, Rosmerta",,T10,,2020-06-11 14:58:53.694809,2020-06-16 09:48:50.759872,10-UW,85,107,NULL,NULL,
249,"Holy Bird, Numinu",,T10,,2020-06-11 14:59:06.810961,2020-06-16 09:48:58.449151,10-UW,86,97,NULL,NULL,
250,"Beast Fist, Mastra",,T10,,2020-06-11 15:00:09.751174,2020-06-16 09:49:08.276719,10-UW,87,99,NULL,NULL,
251,"The Counterattack, Maxithea",,T10,,2020-06-11 15:00:17.424604,2020-06-16 09:49:15.245391,10-UW,88,95,NULL,NULL,
252,"The Playtime, HN-0",,T10,,2020-06-11 15:00:26.192317,2020-06-16 09:49:21.913046,10-UW,89,103,NULL,NULL,
253,"Unchanging Mind, Erekura",,T10,,2020-06-11 15:00:34.066406,2020-06-16 09:49:28.852741,10-UW,23,95,NULL,NULL,
254,"Hundred-Flavor Banquet, Tempora Fyrr",,T10,,2020-06-11 15:00:42.166237,2020-06-16 09:49:36.949299,10-UW,24,107,NULL,NULL,
255,"0-Form Perpetual Motion Cannon, Heaven Shatterer",,T10,,2020-06-11 15:03:15.570926,2020-06-16 09:49:43.524631,10-UW,25,103,NULL,NULL,
256,"The Holy Sword, Aea",,T10,,2020-06-11 15:03:23.829799,2020-06-16 09:49:49.575999,10-UW,26,97,NULL,NULL,
257,"The Bluewind, Coventina",,T10,,2020-06-11 15:03:33.120218,2020-06-16 09:49:56.587877,10-UW,27,107,NULL,NULL,
258,"Midnight Demonic Swords, Night Sky & Dark Shadow & Veil",,T10,,2020-06-11 15:03:43.006604,2020-06-16 09:50:03.526021,10-UW,28,99,NULL,NULL,
259,"Judgment Edge, Elicipira",,T10,,2020-06-11 15:03:53.125586,2020-06-16 09:50:09.634478,10-UW,29,97,NULL,NULL,
260,"Flowing Circle, Eltoirre",,T10,,2020-06-11 15:04:02.129752,2020-06-16 09:50:16.938467,10-UW,30,107,NULL,NULL,
261,Lakrak MK-1,,T10,,2020-06-11 15:04:10.837716,2020-06-16 09:50:23.127506,10-UW,31,103,NULL,NULL,
262,"Whispering Sands, Arlaq",,T10,,2020-06-11 15:04:19.926185,2020-06-16 09:50:29.870698,10-UW,32,99,NULL,NULL,
263,"Void Soul, Dunn Nemecia",,T10,,2020-06-11 15:04:27.448724,2020-06-16 09:50:36.245321,10-UW,33,107,NULL,NULL,
264,"Phoenix Quill, Belisa",,T10,,2020-06-11 15:05:47.230112,2020-06-16 09:50:42.272839,10-UW,34,107,NULL,NULL,
265,"Scarlet Ruler, Dominicia",,T10,,2020-06-11 15:05:54.285909,2020-06-16 09:50:49.095952,10-UW,35,105,NULL,NULL,
266,"Blessing of Light, Benedicia",,T10,,2020-06-11 15:06:02.7864,2020-06-18 08:49:34.603909,10-UW,39,107,NULL,NULL,
267,"Infinite Spring, Cielamaha",,T10,,2020-06-11 15:06:16.501205,2020-06-18 08:48:01.736681,10-UW,36,105,NULL,NULL,
268,"World Tree's Will, Roburu",,T10,,2020-06-11 15:06:43.817326,2020-06-16 09:51:18.978704,10-UW,38,105,NULL,NULL,
269,Wave of Protection. Gaiamenes,,T10,,2020-06-11 15:10:09.275265,2020-06-18 08:48:57.496646,10-UW,37,95,NULL,NULL,
270,"Flower of Eternity, Hyacinth",,T10,,2020-06-11 15:10:40.307253,2020-06-16 09:51:34.088359,10-UW,40,101,NULL,NULL,
271,"Lea's Messenger, Cocytus",,T10,,2020-06-11 15:10:49.258395,2020-06-16 09:51:41.752948,10-UW,41,105,NULL,NULL,
272,"The Box of Fragrance, Etelia",,T10,,2020-06-11 15:11:13.022744,2020-06-16 09:51:51.890458,10-UW,42,107,NULL,NULL,
273,"Merciful Threat, Phistonia",,T10,,2020-06-11 15:11:21.214482,2020-06-16 09:51:58.188252,10-UW,43,107,NULL,NULL,
274,"Endless Acceleration, Riventina",,T10,,2020-06-11 15:11:31.482909,2020-06-16 09:52:04.669921,10-UW,44,99,NULL,NULL,
275,"Ultimate Weapon, Leviathan",,T10,,2020-06-11 15:11:40.478833,2020-06-16 09:53:57.381353,10-UW,45,103,NULL,NULL,
276,"Roar of Madness, Velkinoth",,T10,,2020-06-11 15:12:17.97932,2020-06-16 09:54:23.75172,10-UW,46,103,NULL,NULL,
277,"Flame of Victory, Carprain",,T10,,2020-06-11 15:12:31.696391,2020-06-16 09:56:32.549112,10-UW,47,95,NULL,NULL,
278,"Cursed Claws, Baroro",,T10,,2020-06-11 15:12:41.459169,2020-06-16 09:56:38.683723,10-UW,48,97,NULL,NULL,
279,"Roaring Dragonmaw, Acravita",,T10,,2020-06-11 15:12:50.264416,2020-06-16 09:56:44.762421,10-UW,49,95,NULL,NULL,
280,"Rending Chaos, Zakadras",,T10,,2020-06-11 15:12:59.763603,2020-06-16 09:56:51.303477,10-UW,50,99,NULL,NULL,
281,"Mace of Rehabilitation, Hartnon",,T10,,2020-06-11 15:13:12.006855,2020-06-16 09:56:56.784437,10-UW,51,97,NULL,NULL,
282,"Dimensional Key, Magnus Fille",,T10,,2020-06-11 15:13:27.069871,2020-06-16 09:57:03.057157,10-UW,52,105,NULL,NULL,
283,"Moonshade Countdown, Tempodiana",,T10,,2020-06-11 15:13:35.476281,2020-06-16 09:57:09.838259,10-UW,53,103,NULL,NULL,
284,Cards of Destiny Del Arcana,,T10,,2020-06-11 15:13:44.348828,2020-06-16 09:57:14.985454,10-UW,54,105,NULL,NULL,
285,"Roar of Raging Heat, Tersia",,T10,,2020-06-11 15:13:52.278875,2020-06-16 09:57:21.173014,10-UW,55,103,NULL,NULL,
286,"Dragon Hearts, Andarta Andraste",,T10,,2020-06-11 15:14:00.552406,2020-06-16 09:57:27.009128,10-UW,56,105,NULL,NULL,
287,"Dragon's Ruins, Atein",,T10,,2020-06-11 15:14:13.57508,2020-06-16 09:57:32.43183,10-UW,57,95,NULL,NULL,
288,"Tumultuous Dance, Excilius",,T10,,2020-06-11 15:14:26.965975,2020-06-16 09:57:39.745603,10-UW,58,97,NULL,NULL,
289,"Anthem of a New Road, Matimaruma",,T10,,2020-06-11 15:14:35.988736,2020-06-16 09:57:46.695317,10-UW,59,107,NULL,NULL,
290,"Lightning Flash, Livatis",,T10,,2020-06-11 15:14:48.073457,2020-06-16 09:57:55.40284,10-UW,60,99,NULL,NULL,
291,"God's Lamp, Kurulati",,T10,,2020-06-11 15:15:11.540609,2020-06-16 09:58:01.525853,10-UW,61,107,NULL,NULL,
292,The Flute of Silent Winds Rakshathar,,T10,,2020-06-11 15:15:23.73366,2020-06-16 09:58:10.101438,10-UW,62,101,NULL,NULL,
293,"Light of Judgment, Theoria",,T10,,2020-06-11 15:16:02.035371,2020-06-16 09:58:15.340334,10-UW,63,95,NULL,NULL,
294,Rodina Custom Rifle Mod.0,,T10,,2020-06-11 15:16:13.163895,2020-06-16 09:58:22.254558,10-UW,64,103,NULL,NULL,
295,"Specter's Breath, Redeal",,T10,,2020-06-11 15:16:26.393757,2020-06-16 09:58:27.917052,10-UW,65,99,NULL,NULL,
296,"Blade of Conviction, White Belona",,T10,,2020-06-11 15:16:36.615154,2020-06-16 09:58:32.598786,10-UW,66,97,NULL,NULL,
297,"Green Winds, Notos",,T10,,2020-06-11 15:16:47.097047,2020-06-16 09:58:37.902393,10-UW,67,101,NULL,NULL,
298,"Executioner of Domains, Elsion",,T10,,2020-06-11 15:16:55.914407,2020-06-16 09:58:44.560705,10-UW,68,97,NULL,NULL,
299,"Wings of Corruption, Apoliox",,T10,,2020-06-11 15:17:03.873076,2020-06-16 09:59:05.031512,10-UW,69,101,NULL,NULL,
300,"Charming Melody, Schwanheite",,T10,,2020-06-11 15:17:15.745861,2020-06-16 09:59:16.427284,10-UW,70,107,NULL,NULL,
301,"Eye of the Storm, Yanadis",,T10,,2020-06-11 15:17:23.294184,2020-06-16 09:59:23.135566,10-UW,71,95,NULL,NULL,
302,"Rock of Perseverance, Prochika",,T10,,2020-06-11 15:17:39.408602,2020-06-16 09:59:30.248687,10-UW,72,95,NULL,NULL,
303,"Demon of the Calm, Caethasis",,T10,,2020-06-11 15:17:47.884541,2020-06-16 09:59:36.491651,10-UW,73,99,NULL,NULL,
304,"Lightning Bolt, Legios",,T10,,2020-06-11 15:17:56.920537,2020-06-16 09:59:42.421036,10-UW,74,97,NULL,NULL,
305,"Infinite Charter, Accordio",,T10,,2020-06-11 15:18:06.858637,2020-06-16 09:59:51.375453,10-UW,75,105,NULL,NULL,
306,"Nightmare Fang, Kitrax",,T10,,2020-06-11 15:18:15.261712,2020-06-16 09:59:57.174053,10-UW,76,97,NULL,NULL,
307,"Crest of Extortion, Kaliosk",,T10,,2020-06-11 15:18:23.023351,2020-06-16 10:00:03.241399,10-UW,77,105,NULL,NULL,
308,"Dragonbane, Svelta",,T10,,2020-06-11 15:18:31.291174,2020-06-16 10:00:08.701977,10-UW,78,101,NULL,NULL,
309,"Starry Sky Weaver, Mellifluo",,T10,,2020-06-11 15:18:40.787674,2020-06-16 10:00:15.155397,10-UW,79,101,NULL,NULL,
310,"Glory of the God King, Zaries",,T10,,2020-06-11 15:19:03.068633,2020-06-16 10:00:21.595666,10-UW,80,101,NULL,NULL,
311,"Corrupted Holy Sword, Aea",,T10,,2020-06-11 15:19:18.850086,2020-06-16 10:00:29.127821,10-UW,90,97,NULL,NULL,
312,"Angel's Despair, Rosmerta",,T10,,2020-06-11 15:19:23.379626,2020-06-16 10:00:35.920859,10-UW,91,107,NULL,NULL,
313,Parvita of Defence,,T10,,2020-06-11 15:22:08.997065,2020-06-16 09:43:21.837891,10-UW,NULL,94,1,NULL,
314,Tynoram of Change,,T10,,2020-06-11 15:22:24.332981,2020-06-16 09:43:43.567605,10-UW,NULL,96,2,NULL,
315,Xaphyx of Ambush,,T10,,2020-06-11 15:22:33.86987,2020-06-16 09:43:59.990462,10-UW,NULL,98,3,NULL,
316,Marcena of Aim,,T10,,2020-06-11 15:22:42.070725,2020-06-16 09:44:09.383274,10-UW,NULL,100,4,NULL,
317,Voltenux of Penetration,,T10,,2020-06-11 15:22:51.4353,2020-06-16 09:44:22.262689,10-UW,NULL,102,5,NULL,
318,Giltair of Explosion,,T10,,2020-06-11 15:22:59.52812,2020-06-16 09:44:38.522524,10-UW,NULL,104,6,NULL,
319,Suyrtema of Heal,,T10,,2020-06-11 15:23:08.801572,2020-06-16 09:44:49.494284,10-UW,NULL,106,7,NULL,
320,Flower of Purple,,T10,,2020-06-15 09:28:11.502361,2020-06-15 09:32:36.429774,9-UT,1,108,NULL,NULL,1
321,Noble Hand Mirror,,T10,,2020-06-15 09:33:18.019724,2020-06-15 09:33:18.019724,9-UT,1,108,NULL,NULL,2
322,Ring of Infinite Mana,,T10,,2020-06-15 09:33:26.234959,2020-06-15 09:33:26.234959,9-UT,1,108,NULL,NULL,3
323,Eyes of Truth,,T10,,2020-06-15 09:33:34.853057,2020-06-15 09:33:34.853057,9-UT,1,108,NULL,NULL,4
324,Triplex Condensing Lens,,T10,,2020-06-15 09:34:18.88205,2020-06-15 09:34:18.88205,9-UT,2,108,NULL,NULL,1
325,Script of Healing,,T10,,2020-06-15 09:34:27.168788,2020-06-15 09:34:27.168788,9-UT,2,108,NULL,NULL,2
326,Code of Annihilation,,T10,,2020-06-15 09:34:44.308278,2020-06-15 09:34:44.308278,9-UT,2,108,NULL,NULL,3
327,High Performance Battery,,T10,,2020-06-15 09:34:55.657477,2020-06-15 09:34:55.657477,9-UT,2,108,NULL,NULL,4
328,Celestial Arrow,,T10,,2020-06-15 09:35:11.145895,2020-06-15 09:35:11.145895,9-UT,3,108,NULL,NULL,1
329,Magic Square of Pursuit,,T10,,2020-06-15 09:35:17.668604,2020-06-15 09:35:17.668604,9-UT,3,108,NULL,NULL,2
330,Eye of Heaven,,T10,,2020-06-15 09:35:25.435672,2020-06-15 09:35:25.435672,9-UT,3,108,NULL,NULL,3
331,Bell of Punishment,,T10,,2020-06-15 09:35:34.567922,2020-06-15 09:35:34.567922,9-UT,3,108,NULL,NULL,4
332,Dignity of Queen,,T10,,2020-06-15 09:36:26.504157,2020-06-15 09:36:26.504157,9-UT,4,108,NULL,NULL,1
333,Queen's Pride,,T10,,2020-06-15 09:36:35.370632,2020-06-15 09:36:35.370632,9-UT,4,108,NULL,NULL,2
334,Crown of Brilliance,,T10,,2020-06-15 09:36:42.583991,2020-06-15 09:36:42.583991,9-UT,4,108,NULL,NULL,3
335,Mirror of Blessings,,T10,,2020-06-15 09:36:51.496758,2020-06-15 09:36:51.496758,9-UT,4,108,NULL,NULL,4
336,Light of the Dawn,,T10,,2020-06-15 09:37:04.025489,2020-06-15 09:37:04.025489,9-UT,5,108,NULL,NULL,1
337,Bracelet of the Sun,,T10,,2020-06-15 09:37:11.609,2020-06-15 09:37:11.609,9-UT,5,108,NULL,NULL,2
338,Guardian's Trumpet,,T10,,2020-06-15 09:37:20.837117,2020-06-15 09:37:20.837117,9-UT,5,108,NULL,NULL,3
339,Will of Light,,T10,,2020-06-15 09:37:28.627895,2020-06-15 09:37:28.627895,9-UT,5,108,NULL,NULL,4
340,Old Holy Grail,,T10,,2020-06-15 09:37:41.712951,2020-06-15 09:37:41.712951,9-UT,6,108,NULL,NULL,1
341,Last Chapter of the Bible,,T10,,2020-06-15 09:37:48.627713,2020-06-15 09:37:48.627713,9-UT,6,108,NULL,NULL,2
342,Well-Worn Rosary,,T10,,2020-06-15 09:37:56.13503,2020-06-15 09:37:56.13503,9-UT,6,108,NULL,NULL,3
343,Scorched Journal,,T10,,2020-06-15 09:38:05.05859,2020-06-15 09:38:05.05859,9-UT,6,108,NULL,NULL,4
344,Faded Sword,,T10,,2020-06-15 09:38:16.985674,2020-06-15 09:38:16.985674,9-UT,7,108,NULL,NULL,1
345,Medal of Light,,T10,,2020-06-15 09:38:27.257255,2020-06-15 09:38:27.257255,9-UT,7,108,NULL,NULL,2
346,Mercenary's Goblet,,T10,,2020-06-15 09:38:34.815493,2020-06-15 09:38:34.815493,9-UT,7,108,NULL,NULL,3
347,Unsent Letter,,T10,,2020-06-15 09:38:44.107494,2020-06-15 09:38:44.107494,9-UT,7,108,NULL,NULL,4
348,Rune of the Flow,,T10,,2020-06-15 10:18:19.145737,2020-06-15 11:08:48.399718,9-UT,8,108,NULL,NULL,1
349,Eye of the God King,,T10,,2020-06-15 10:21:46.361801,2020-06-15 11:31:47.432415,9-UT,8,108,NULL,NULL,2
350,Chest of Integrity,,T10,,2020-06-15 10:24:39.987618,2020-06-15 11:34:38.004169,9-UT,8,108,NULL,NULL,3
351,Archive of Sekireinel,,T10,,2020-06-15 10:25:15.088835,2020-06-15 11:34:51.483866,9-UT,8,108,NULL,NULL,4
352,Feather Decoration of Crimson Bird,,T10,,2020-06-15 10:25:27.766806,2020-06-15 11:35:40.44003,9-UT,9,108,NULL,NULL,1
353,Fancy Pendant,,T10,,2020-06-15 11:46:18.686581,2020-06-15 11:51:33.74831,9-UT,9,108,NULL,NULL,2
354,Golden Fragrance,,T10,,2020-06-15 11:52:23.060089,2020-06-15 11:52:23.060089,9-UT,9,108,NULL,NULL,3
355,Reed Diffuser of Seduction,,T10,,2020-06-15 11:52:29.219498,2020-06-15 11:52:29.219498,9-UT,9,108,NULL,NULL,4
356,First Step of Hero,,T10,,2020-06-15 11:58:46.822984,2020-06-15 11:58:46.822984,9-UT,10,108,NULL,NULL,1
357,Childhood Memory,,T10,,2020-06-15 11:58:53.925991,2020-06-15 11:58:53.925991,9-UT,10,108,NULL,NULL,2
358,Moment of Respite,,T10,,2020-06-15 11:59:00.345265,2020-06-15 11:59:00.345265,9-UT,10,108,NULL,NULL,3
359,Heart of Justice,,T10,,2020-06-15 11:59:08.555644,2020-06-15 11:59:08.555644,9-UT,10,108,NULL,NULL,4
360,Guide of Sin,,T10,,2020-06-15 12:04:03.874174,2020-06-15 12:04:03.874174,9-UT,11,108,NULL,NULL,1
361,Handkerchief of Loyalty,,T10,,2020-06-15 12:04:10.002678,2020-06-15 12:04:10.002678,9-UT,11,108,NULL,NULL,2
362,Unrelenting Pauldron,,T10,,2020-06-15 12:04:28.471575,2020-06-15 12:04:28.471575,9-UT,11,108,NULL,NULL,3
363,Biometric Sensor - Type. 0,,T10,,2020-06-15 12:04:35.198457,2020-06-15 12:04:35.198457,9-UT,11,108,NULL,NULL,4
364,Sword of Nosenhill,,T10,,2020-06-15 12:05:43.712348,2020-06-15 12:05:43.712348,9-UT,12,108,NULL,NULL,1
365,Certificate of Inquisitor,,T10,,2020-06-15 12:05:49.735067,2020-06-15 12:05:49.735067,9-UT,12,108,NULL,NULL,2
366,Pride of Velchia,,T10,,2020-06-15 12:05:57.207088,2020-06-15 12:05:57.207088,9-UT,12,108,NULL,NULL,3
367,Prism of Primary Colors,,T10,,2020-06-15 12:06:05.836528,2020-06-15 12:06:05.836528,9-UT,12,108,NULL,NULL,4
368,Cape of Justice,,T10,,2020-06-15 12:06:16.914372,2020-06-15 12:06:16.914372,9-UT,13,108,NULL,NULL,1
369,Firm Determination,,T10,,2020-06-15 12:06:24.148299,2020-06-15 12:06:24.148299,9-UT,13,108,NULL,NULL,2
370,Guardian Knight Insignia,,T10,,2020-06-15 12:06:33.77561,2020-06-15 12:06:33.77561,9-UT,13,108,NULL,NULL,3
371,Mittens,,T10,,2020-06-15 12:06:40.480633,2020-06-15 12:06:40.480633,9-UT,13,108,NULL,NULL,4
372,Phoenix Lantern,,T10,,2020-06-15 12:06:52.165656,2020-06-15 12:06:52.165656,9-UT,14,108,NULL,NULL,1
373,Flamel's Elixir,,T10,,2020-06-15 12:06:59.14288,2020-06-15 12:06:59.14288,9-UT,14,108,NULL,NULL,2
374,Tome of Purgatory,,T10,,2020-06-15 12:07:05.996218,2020-06-15 12:07:05.996218,9-UT,14,108,NULL,NULL,3
375,Introduction to Red Witch Spells,,T10,,2020-06-15 12:07:13.668625,2020-06-15 12:07:13.668625,9-UT,14,108,NULL,NULL,4
376,Teeth-mark Bullet,,T10,,2020-06-15 12:07:58.331134,2020-06-15 12:07:58.331134,9-UT,15,108,NULL,NULL,1
377,Cold Barrage,,T10,,2020-06-15 12:08:05.503749,2020-06-15 12:08:05.503749,9-UT,15,108,NULL,NULL,2
378,Pendant of Memories,,T10,,2020-06-15 12:08:11.684553,2020-06-15 12:08:11.684553,9-UT,15,108,NULL,NULL,3
379,Carousel Music Box,,T10,,2020-06-15 12:08:16.9102,2020-06-15 12:08:16.9102,9-UT,15,108,NULL,NULL,4
380,Lakeside Banquet,,T10,,2020-06-15 12:08:25.72868,2020-06-15 12:08:25.72868,9-UT,16,108,NULL,NULL,1
381,Traditional Bracelet,,T10,,2020-06-15 12:08:31.405753,2020-06-15 12:08:31.405753,9-UT,16,108,NULL,NULL,2
382,Dagger of Sorcery,,T10,,2020-06-15 12:08:37.31182,2020-06-15 12:08:37.31182,9-UT,16,108,NULL,NULL,3
383,Tome of the Dragon,,T10,,2020-06-15 12:08:43.427715,2020-06-15 12:08:43.427715,9-UT,16,108,NULL,NULL,4
384,Authority of Corruption,,T10,,2020-06-15 12:10:21.056836,2020-06-15 15:07:23.005153,9-UT,90,108,NULL,NULL,1
385,Faint Lifeforce,,T10,,2020-06-15 12:10:25.645993,2020-06-15 15:07:39.150398,9-UT,90,108,NULL,NULL,2
386,Traveler's Portrait,,T10,,2020-06-15 12:10:35.881369,2020-06-15 15:07:55.849515,9-UT,90,108,NULL,NULL,3
387,Twisted Tear,,T10,,2020-06-15 12:10:39.296711,2020-06-15 15:08:11.312666,9-UT,90,108,NULL,NULL,4
388,Chest of Ziltrion,,T10,,2020-06-15 12:10:47.405954,2020-06-15 12:10:47.405954,9-UT,17,108,NULL,NULL,1
389,Shield of Resolution,,T10,,2020-06-15 12:10:54.280305,2020-06-15 12:10:54.280305,9-UT,17,108,NULL,NULL,2
390,Aura of Protection,,T10,,2020-06-15 12:11:00.171082,2020-06-15 12:11:00.171082,9-UT,17,108,NULL,NULL,3
391,Ring of Ziltrion,,T10,,2020-06-15 12:11:05.888321,2020-06-15 12:11:05.888321,9-UT,17,108,NULL,NULL,4
392,Vow of Black Moon,,T10,,2020-06-15 12:11:19.101238,2020-06-15 12:11:19.101238,9-UT,18,108,NULL,NULL,1
393,Unbreakable Bracelet,,T10,,2020-06-15 12:11:26.654893,2020-06-15 12:11:26.654893,9-UT,18,108,NULL,NULL,2
394,Eye of Shadows,,T10,,2020-06-15 12:11:32.069739,2020-06-15 12:11:32.069739,9-UT,18,108,NULL,NULL,3
395,Black Crown,,T10,,2020-06-15 12:11:37.610306,2020-06-15 12:11:37.610306,9-UT,18,108,NULL,NULL,4
396,Bracelet of Elidora,,T10,,2020-06-15 12:11:49.001994,2020-06-15 12:11:49.001994,9-UT,19,108,NULL,NULL,1
397,Crystal of the Forest,,T10,,2020-06-15 12:11:55.258449,2020-06-15 12:11:55.258449,9-UT,19,108,NULL,NULL,2
398,Wind Elemental's Nest,,T10,,2020-06-15 12:12:01.464241,2020-06-15 12:12:01.464241,9-UT,19,108,NULL,NULL,3
399,Feather of Wind,,T10,,2020-06-15 12:12:06.668739,2020-06-15 12:12:06.668739,9-UT,19,108,NULL,NULL,4
400,Green Fairy,,T10,,2020-06-15 12:12:16.960937,2020-06-15 12:12:16.960937,9-UT,20,108,NULL,NULL,1
401,Succubus's Box,,T10,,2020-06-15 12:12:23.407638,2020-06-15 12:12:23.407638,9-UT,20,108,NULL,NULL,2
402,Seductress Shoes,,T10,,2020-06-15 12:12:38.426473,2020-06-15 12:12:38.426473,9-UT,20,108,NULL,NULL,3
403,Memory of Dream,,T10,,2020-06-15 12:12:45.446302,2020-06-15 12:12:45.446302,9-UT,20,108,NULL,NULL,4
404,Fang of Thirst,,T10,,2020-06-15 12:12:58.152655,2020-06-15 12:12:58.152655,9-UT,21,108,NULL,NULL,1
405,Wine of Shivers,,T10,,2020-06-15 12:13:05.31113,2020-06-15 12:13:05.31113,9-UT,21,108,NULL,NULL,2
406,Lipstick of Shame,,T10,,2020-06-15 12:13:10.908986,2020-06-15 12:13:10.908986,9-UT,21,108,NULL,NULL,3
407,Moonlight Piano,,T10,,2020-06-15 12:13:18.635314,2020-06-15 12:13:18.635314,9-UT,21,108,NULL,NULL,4
408,This Is My Game,,T10,,2020-06-15 12:13:30.773133,2020-06-15 12:13:30.773133,9-UT,22,108,NULL,NULL,1
409,Indispensable Chess Piece,,T10,,2020-06-15 12:13:36.786095,2020-06-15 12:13:36.786095,9-UT,22,108,NULL,NULL,2
410,Old Fishing Rod,,T10,,2020-06-15 12:13:44.416744,2020-06-15 12:13:44.416744,9-UT,22,108,NULL,NULL,3
411,Shady Chip,,T10,,2020-06-15 12:13:51.21967,2020-06-15 12:13:51.21967,9-UT,22,108,NULL,NULL,4
412,Rough Edged Rune Stone,,T10,,2020-06-15 12:14:00.112342,2020-06-15 12:14:00.112342,9-UT,82,108,NULL,NULL,1
413,Evan's All-Purpose Bag,,T10,,2020-06-15 12:14:06.352127,2020-06-15 12:14:06.352127,9-UT,82,108,NULL,NULL,2
414,Navigating Dowsing Pendulum,,T10,,2020-06-15 12:14:12.360745,2020-06-15 12:14:12.360745,9-UT,82,108,NULL,NULL,3
415,Naav's First Flask,,T10,,2020-06-15 12:14:18.150842,2020-06-15 12:14:18.150842,9-UT,82,108,NULL,NULL,4
416,Wild Beast's Leather Belt,,T10,,2020-06-15 12:14:30.130523,2020-06-15 12:14:30.130523,9-UT,83,108,NULL,NULL,1
417,Wild Beast's Choker,,T10,,2020-06-15 12:14:38.104567,2020-06-15 12:14:38.104567,9-UT,83,108,NULL,NULL,2
418,Sealing Binds,,T10,,2020-06-15 12:14:44.932906,2020-06-15 12:14:44.932906,9-UT,83,108,NULL,NULL,3
419,Sculpture of Blood,,T10,,2020-06-15 12:14:50.982502,2020-06-15 12:14:50.982502,9-UT,83,108,NULL,NULL,4
420,Shattered Faith,,T10,,2020-06-15 12:15:22.384362,2020-06-15 15:08:26.88654,9-UT,91,108,NULL,NULL,1
421,Blossomed Dream,,T10,,2020-06-15 12:15:27.688096,2020-06-15 15:09:06.706017,9-UT,91,108,NULL,NULL,2
422,Ring of Allure,,T10,,2020-06-15 12:15:32.046347,2020-06-15 15:09:23.891297,9-UT,91,108,NULL,NULL,3
423,Broken Angel's Egg,,T10,,2020-06-15 12:15:38.369078,2020-06-15 15:08:52.171241,9-UT,91,108,NULL,NULL,4
424,"Twinswords of Fury, Veralta",,T10,,2020-06-15 12:15:49.941237,2020-06-15 12:15:49.941237,9-UT,84,108,NULL,NULL,1
425,Tempting Perfume,,T10,,2020-06-15 12:15:56.734678,2020-06-15 12:15:56.734678,9-UT,84,108,NULL,NULL,2
426,Immortal Rose,,T10,,2020-06-15 12:16:02.073692,2020-06-15 12:16:02.073692,9-UT,84,108,NULL,NULL,3
427,Sealed Confidential Letter,,T10,,2020-06-15 12:16:07.99565,2020-06-15 12:16:07.99565,9-UT,84,108,NULL,NULL,4
428,Angel's Egg,,T10,,2020-06-15 12:17:12.239972,2020-06-15 12:17:12.239972,9-UT,85,108,NULL,NULL,1
429,Miraculous Medal,,T10,,2020-06-15 12:17:19.094035,2020-06-15 12:17:19.094035,9-UT,85,108,NULL,NULL,2
430,Forgotten Arbiter's Feather,,T10,,2020-06-15 12:17:25.48991,2020-06-15 12:17:25.48991,9-UT,85,108,NULL,NULL,3
431,Angelic Advent,,T10,,2020-06-15 12:17:30.901237,2020-06-15 12:17:30.901237,9-UT,85,108,NULL,NULL,4
432,King of Frost Helmet,,T10,,2020-06-15 12:17:40.76089,2020-06-15 12:17:40.76089,9-UT,86,108,NULL,NULL,1
433,Fighter's Horn,,T10,,2020-06-15 12:17:47.067656,2020-06-15 12:17:47.067656,9-UT,86,108,NULL,NULL,2
434,Barbarian Mug,,T10,,2020-06-15 12:17:52.848974,2020-06-15 12:17:52.848974,9-UT,86,108,NULL,NULL,3
435,Snowdrop Bracelet,,T10,,2020-06-15 12:17:58.03514,2020-06-15 12:18:47.221587,9-UT,86,108,NULL,NULL,4
436,Intolerable Feather,,T10,,2020-06-15 12:19:13.933088,2020-06-15 12:19:13.933088,9-UT,87,108,NULL,NULL,1
437,Silvervine Box,,T10,,2020-06-15 12:19:21.019406,2020-06-15 12:19:21.019406,9-UT,87,108,NULL,NULL,2
438,Champion's Laurel Wreath,,T10,,2020-06-15 12:19:27.002719,2020-06-15 12:19:27.002719,9-UT,87,108,NULL,NULL,3
439,Elastic Bandage of Fighting Spirit,,T10,,2020-06-15 12:19:33.193685,2020-06-15 12:19:33.193685,9-UT,87,108,NULL,NULL,4
440,Alpha Leader Badge,,T10,,2020-06-15 12:19:42.189104,2020-06-15 12:19:42.189104,9-UT,88,108,NULL,NULL,1
441,Praise of Dandelion,,T10,,2020-06-15 12:19:47.10403,2020-06-15 12:19:47.10403,9-UT,88,108,NULL,NULL,2
442,Ballas Ruby,,T10,,2020-06-15 12:19:52.497967,2020-06-15 12:19:52.497967,9-UT,88,108,NULL,NULL,3
443,Golden Glory,,T10,,2020-06-15 12:19:57.870545,2020-06-15 12:19:57.870545,9-UT,88,108,NULL,NULL,4
444,Worn Army Hat,,T10,,2020-06-15 12:20:09.199252,2020-06-15 12:20:09.199252,9-UT,89,108,NULL,NULL,1
445,The Playstarter,,T10,,2020-06-15 12:20:15.01667,2020-06-15 12:20:15.01667,9-UT,89,108,NULL,NULL,2
446,Mini Hanus,,T10,,2020-06-15 12:20:20.026515,2020-06-15 12:20:20.026515,9-UT,89,108,NULL,NULL,3
447,Medal of Honor,,T10,,2020-06-15 12:20:27.876625,2020-06-15 12:20:27.876625,9-UT,89,108,NULL,NULL,4
448,Funeral Doll,,T10,,2020-06-15 12:20:59.891669,2020-06-15 12:20:59.891669,9-UT,23,108,NULL,NULL,1
449,Death-imbued Cushion,,T10,,2020-06-15 12:21:05.310262,2020-06-15 12:21:05.310262,9-UT,23,108,NULL,NULL,2
450,Flowers of a Forgotten Dukedom,,T10,,2020-06-15 12:21:11.245924,2020-06-15 12:21:11.245924,9-UT,23,108,NULL,NULL,3
451,First Friend Doll,,T10,,2020-06-15 12:21:17.299888,2020-06-15 12:21:17.299888,9-UT,23,108,NULL,NULL,4
452,Colorful Ladle,,T10,,2020-06-15 12:21:27.824014,2020-06-15 12:21:27.824014,9-UT,24,108,NULL,NULL,1
453,The Jar of Happiness,,T10,,2020-06-15 12:21:33.947771,2020-06-15 12:21:33.947771,9-UT,24,108,NULL,NULL,2
454,Suspicious Seasoning Set,,T10,,2020-06-15 12:21:53.116563,2020-06-15 12:21:53.116563,9-UT,24,108,NULL,NULL,3
455,Apron of Honor,,T10,,2020-06-15 12:21:59.32676,2020-06-15 12:21:59.32676,9-UT,24,108,NULL,NULL,4
456,Optical Lens - MF002,,T10,,2020-06-15 12:22:13.278199,2020-06-15 12:22:13.278199,9-UT,25,108,NULL,NULL,1
457,Recording Device KARA-00XX,,T10,,2020-06-15 12:22:19.58549,2020-06-15 12:22:19.58549,9-UT,25,108,NULL,NULL,2
458,Ancient Power Source,,T10,,2020-06-15 12:22:26.698836,2020-06-15 12:22:26.698836,9-UT,25,108,NULL,NULL,3
459,Drawing of Ancient Research,,T10,,2020-06-15 12:22:33.292025,2020-06-15 12:22:33.292025,9-UT,25,108,NULL,NULL,4
460,Crown of Light,,T10,,2020-06-15 12:22:51.633233,2020-06-15 12:22:51.633233,9-UT,26,108,NULL,NULL,1
461,Emperor's Gauntlet,,T10,,2020-06-15 12:22:57.168076,2020-06-15 12:22:57.168076,9-UT,26,108,NULL,NULL,2
462,Proxy's Insignia,,T10,,2020-06-15 12:23:03.735011,2020-06-15 12:23:03.735011,9-UT,26,108,NULL,NULL,3
463,Lua's Tear,,T10,,2020-06-15 12:23:09.604396,2020-06-15 12:23:09.604396,9-UT,26,108,NULL,NULL,4
464,Thunderstone Bracelet,,T10,,2020-06-15 12:23:21.355321,2020-06-15 12:23:21.355321,9-UT,27,108,NULL,NULL,1
465,Thunderbird Mask,,T10,,2020-06-15 12:23:27.592219,2020-06-15 12:23:27.592219,9-UT,27,108,NULL,NULL,2
466,Skywind Feather Decoration,,T10,,2020-06-15 12:23:54.412331,2020-06-15 12:23:54.412331,9-UT,27,108,NULL,NULL,3
467,Skywind Stone,,T10,,2020-06-15 12:24:01.871916,2020-06-15 12:24:01.871916,9-UT,27,108,NULL,NULL,4
468,Unused Pipe,,T10,,2020-06-15 12:24:11.237672,2020-06-15 12:24:11.237672,9-UT,28,108,NULL,NULL,1
469,Jade Ornament,,T10,,2020-06-15 12:24:17.51177,2020-06-15 12:24:17.51177,9-UT,28,108,NULL,NULL,2
470,Special Mana Oil,,T10,,2020-06-15 12:24:25.218292,2020-06-15 12:24:25.218292,9-UT,28,108,NULL,NULL,3
471,Haunted Scroll,,T10,,2020-06-15 12:24:50.429525,2020-06-15 12:24:50.429525,9-UT,28,108,NULL,NULL,4
472,Lotus of Crimson Crystal,,T10,,2020-06-15 12:25:01.114311,2020-06-15 12:25:01.114311,9-UT,29,108,NULL,NULL,1
473,Remnant of Hobby,,T10,,2020-06-15 12:25:13.728667,2020-06-15 12:25:13.728667,9-UT,29,108,NULL,NULL,2
474,Reminiscence of Escape,,T10,,2020-06-15 12:25:24.038319,2020-06-15 12:25:24.038319,9-UT,29,108,NULL,NULL,3
475,Moment of Peace,,T10,,2020-06-15 12:25:30.578718,2020-06-15 12:25:30.578718,9-UT,29,108,NULL,NULL,4
476,Water Dragon Scale,,T10,,2020-06-15 12:25:41.318367,2020-06-15 12:25:41.318367,9-UT,30,108,NULL,NULL,1
477,Oasis Crystal,,T10,,2020-06-15 12:25:46.448753,2020-06-15 12:25:46.448753,9-UT,30,108,NULL,NULL,2
478,Papyrus of the Flow,,T10,,2020-06-15 12:25:51.413767,2020-06-15 12:25:51.413767,9-UT,30,108,NULL,NULL,3
479,Tear of God Dragon,,T10,,2020-06-15 12:25:56.639723,2020-06-15 12:25:56.639723,9-UT,30,108,NULL,NULL,4
480,Cudgel Bullet,,T10,,2020-06-15 12:26:05.618078,2020-06-15 12:26:05.618078,9-UT,31,108,NULL,NULL,1
481,Special Gas Mask,,T10,,2020-06-15 12:26:12.092456,2020-06-15 12:26:12.092456,9-UT,31,108,NULL,NULL,2
482,Goblincraft Special High-Density Gunpowder,,T10,,2020-06-15 12:26:23.60783,2020-06-15 12:26:23.60783,9-UT,31,108,NULL,NULL,3
483,Bada Boom Cannonball,,T10,,2020-06-15 12:26:30.203116,2020-06-15 12:26:30.203116,9-UT,31,108,NULL,NULL,4
484,Anklet of Oasis,,T10,,2020-06-15 12:27:37.306531,2020-06-15 12:27:37.306531,9-UT,32,108,NULL,NULL,1
485,Halidom of Trovatia,,T10,,2020-06-15 12:27:44.249417,2020-06-15 12:27:44.249417,9-UT,32,108,NULL,NULL,2
486,Veil of Charm,,T10,,2020-06-15 12:28:07.694736,2020-06-15 12:28:07.694736,9-UT,32,108,NULL,NULL,3
487,Earrings of God Dragon,,T10,,2020-06-15 12:28:13.418199,2020-06-15 12:28:13.418199,9-UT,32,108,NULL,NULL,4
488,Tarot Card of the Moon,,T10,,2020-06-15 12:28:24.409393,2020-06-15 12:28:24.409393,9-UT,33,108,NULL,NULL,1
489,Fairy's Scent,,T10,,2020-06-15 12:28:30.281829,2020-06-15 12:28:30.281829,9-UT,33,108,NULL,NULL,2
490,Blessed Protection,,T10,,2020-06-15 12:28:36.111368,2020-06-15 12:28:36.111368,9-UT,33,108,NULL,NULL,3
491,Tear of Soul,,T10,,2020-06-15 12:28:48.529118,2020-06-15 12:28:48.529118,9-UT,33,108,NULL,NULL,4
492,Ancient Letter Encyclopedia - First Volume,,T10,,2020-06-15 12:29:01.175166,2020-06-15 12:29:01.175166,9-UT,34,108,NULL,NULL,1
493,Ink of Vitality,,T10,,2020-06-15 12:29:07.94597,2020-06-15 12:29:07.94597,9-UT,34,108,NULL,NULL,2
494,Scroll of Memories,,T10,,2020-06-15 12:29:13.143331,2020-06-15 12:29:13.143331,9-UT,34,108,NULL,NULL,3
495,Golden Magnifier,,T10,,2020-06-15 12:29:19.520531,2020-06-15 12:29:19.520531,9-UT,34,108,NULL,NULL,4
496,Old Silver Cup,,T10,,2020-06-15 12:29:37.792209,2020-06-15 12:29:37.792209,9-UT,35,108,NULL,NULL,1
497,Spell of Bloody Mist,,T10,,2020-06-15 12:29:44.138753,2020-06-15 12:29:44.138753,9-UT,35,108,NULL,NULL,2
498,Blood of the Ancients,,T10,,2020-06-15 12:29:52.481291,2020-06-15 12:29:52.481291,9-UT,35,108,NULL,NULL,3
499,Red Ring,,T10,,2020-06-15 12:29:58.767092,2020-06-15 12:29:58.767092,9-UT,35,108,NULL,NULL,4
500,Whisper of Sea,,T10,,2020-06-15 12:30:08.742792,2020-06-15 12:30:08.742792,9-UT,36,108,NULL,NULL,1
501,Heart of Flow,,T10,,2020-06-15 12:30:15.975913,2020-06-15 12:30:15.975913,9-UT,36,108,NULL,NULL,2
502,Bottomless Kettle of Elementals,,T10,,2020-06-15 12:30:22.117969,2020-06-15 12:30:22.117969,9-UT,36,108,NULL,NULL,3
503,Key of Purity,,T10,,2020-06-15 12:30:28.003004,2020-06-15 12:30:28.003004,9-UT,36,108,NULL,NULL,4
504,Basic Combat Techniques of Orvelian Knights,,T10,,2020-06-15 12:30:36.657914,2020-06-15 12:30:36.657914,9-UT,37,108,NULL,NULL,1
505,Wooden Doll Miniature,,T10,,2020-06-15 12:30:42.412137,2020-06-15 12:30:42.412137,9-UT,37,108,NULL,NULL,2
506,Sea of Invocation,,T10,,2020-06-15 12:30:48.377121,2020-06-15 12:30:48.377121,9-UT,37,108,NULL,NULL,3
507,Father's Shield,,T10,,2020-06-15 12:30:53.792593,2020-06-15 12:30:53.792593,9-UT,37,108,NULL,NULL,4
508,Book of Life,,T10,,2020-06-15 12:31:14.182017,2020-06-15 12:31:14.182017,9-UT,38,108,NULL,NULL,1
509,Deadly Belladonna,,T10,,2020-06-15 12:31:23.662067,2020-06-15 12:31:23.662067,9-UT,38,108,NULL,NULL,2
510,Root of the World Tree,,T10,,2020-06-15 12:31:31.759698,2020-06-15 12:31:31.759698,9-UT,38,108,NULL,NULL,3
511,Terrarium of Circulation,,T10,,2020-06-15 12:31:37.804012,2020-06-15 12:31:37.804012,9-UT,38,108,NULL,NULL,4
512,Book of Blessings,,T10,,2020-06-15 12:35:36.186551,2020-06-15 12:35:36.186551,9-UT,39,108,NULL,NULL,1
513,Dice of Remembrance,,T10,,2020-06-15 12:35:42.890163,2020-06-15 12:35:42.890163,9-UT,39,108,NULL,NULL,2
514,Guidance of Morning Star,,T10,,2020-06-15 12:35:48.698286,2020-06-15 12:35:48.698286,9-UT,39,108,NULL,NULL,3
515,Sword of Sacrifice,,T10,,2020-06-15 12:35:55.633225,2020-06-15 12:35:55.633225,9-UT,39,108,NULL,NULL,4
516,Golden Bell of Luck,,T10,,2020-06-15 12:36:09.099605,2020-06-15 12:36:09.099605,9-UT,40,108,NULL,NULL,1
517,Moonlight Carrot,,T10,,2020-06-15 12:36:14.501862,2020-06-15 12:36:14.501862,9-UT,40,108,NULL,NULL,2
518,Never-Melting Snow Flower,,T10,,2020-06-15 12:36:20.109476,2020-06-15 12:36:20.109476,9-UT,40,108,NULL,NULL,3
519,Carrot Cake,,T10,,2020-06-15 12:36:28.971255,2020-06-15 12:36:28.971255,9-UT,40,108,NULL,NULL,4
520,Turbulent Dance,,T10,,2020-06-15 12:36:37.704562,2020-06-15 12:36:37.704562,9-UT,41,108,NULL,NULL,1
521,Spirit's Sabaton,,T10,,2020-06-15 12:36:42.638452,2020-06-15 12:36:42.638452,9-UT,41,108,NULL,NULL,2
522,Pendant of Darkness,,T10,,2020-06-15 12:36:47.71034,2020-06-15 12:36:47.71034,9-UT,41,108,NULL,NULL,3
523,Abyssal Letter,,T10,,2020-06-15 12:36:54.475854,2020-06-15 12:36:54.475854,9-UT,41,108,NULL,NULL,4
524,Healthy Potion Set,,T10,,2020-06-15 12:37:07.192847,2020-06-15 12:37:07.192847,9-UT,42,108,NULL,NULL,1
525,Sweet Piece of Cake,,T10,,2020-06-15 12:37:13.093747,2020-06-15 12:37:13.093747,9-UT,42,108,NULL,NULL,2
526,Crystal Ball from Unknown Origin,,T10,,2020-06-15 12:37:18.099818,2020-06-15 12:37:18.099818,9-UT,42,108,NULL,NULL,3
527,Dangerous Snack Set,,T10,,2020-06-15 12:37:23.114157,2020-06-15 12:37:23.114157,9-UT,42,108,NULL,NULL,4
528,Strangely Healthy Injection,,T10,,2020-06-15 12:37:32.97515,2020-06-15 12:37:32.97515,9-UT,43,108,NULL,NULL,1
529,Special Potion of Double Reaction,,T10,,2020-06-15 12:37:38.120791,2020-06-15 12:37:38.120791,9-UT,43,108,NULL,NULL,2
530,Mysterious Potion,,T10,,2020-06-15 12:37:43.633803,2020-06-15 12:37:43.633803,9-UT,43,108,NULL,NULL,3
531,Old Medical Report,,T10,,2020-06-15 12:37:52.551833,2020-06-15 12:37:52.551833,9-UT,43,108,NULL,NULL,4
532,Proof of Endeavor,,T10,,2020-06-15 12:38:04.260005,2020-06-15 12:38:04.260005,9-UT,44,108,NULL,NULL,1
533,Gemini Ring of Instant Teleportation,,T10,,2020-06-15 12:38:21.874948,2020-06-15 12:38:21.874948,9-UT,44,108,NULL,NULL,2
534,Magic Powder of Lightning,,T10,,2020-06-15 12:38:28.117363,2020-06-15 12:38:28.117363,9-UT,44,108,NULL,NULL,3
535,Birth of Miracle,,T10,,2020-06-15 12:38:36.032544,2020-06-15 12:38:36.032544,9-UT,44,108,NULL,NULL,4
536,Coin of the Deep,,T10,,2020-06-15 12:38:49.316685,2020-06-15 12:38:49.316685,9-UT,45,108,NULL,NULL,1
537,Pirate King's Sextant,,T10,,2020-06-15 12:38:55.226911,2020-06-15 12:38:55.226911,9-UT,45,108,NULL,NULL,2
538,Miruru Cannonball,,T10,,2020-06-15 12:39:01.034897,2020-06-15 12:39:01.034897,9-UT,45,108,NULL,NULL,3
539,Turtle Gunpowder Keg,,T10,,2020-06-15 12:39:07.085558,2020-06-15 12:39:07.085558,9-UT,45,108,NULL,NULL,4
540,Potential Madness,,T10,,2020-06-15 12:42:20.434168,2020-06-15 12:42:20.434168,9-UT,46,108,NULL,NULL,1
541,Wolf's Barrage Box,,T10,,2020-06-15 12:42:26.45015,2020-06-15 12:42:26.45015,9-UT,46,108,NULL,NULL,2
542,Wolfhead Mercenary Insignia,,T10,,2020-06-15 12:42:31.838252,2020-06-15 12:42:31.838252,9-UT,46,108,NULL,NULL,3
543,Song of Madness,,T10,,2020-06-15 12:42:38.314125,2020-06-15 12:42:38.314125,9-UT,46,108,NULL,NULL,4
544,Hell's Eye,,T10,,2020-06-15 13:15:33.10727,2020-06-15 13:15:33.10727,9-UT,47,108,NULL,NULL,1
545,Hatchling Leather Gloves,,T10,,2020-06-15 13:15:40.946146,2020-06-15 13:15:40.946146,9-UT,47,108,NULL,NULL,2
546,Hellish Sealing Stone,,T10,,2020-06-15 13:15:47.330525,2020-06-15 13:15:47.330525,9-UT,47,108,NULL,NULL,3
547,Jewel of Inferno,,T10,,2020-06-15 13:15:52.815271,2020-06-15 13:15:52.815271,9-UT,47,108,NULL,NULL,4
548,Soul of Gust,,T10,,2020-06-15 13:16:03.094016,2020-06-15 13:16:03.094016,9-UT,48,108,NULL,NULL,1
549,Himmullis's Scarf,,T10,,2020-06-15 13:16:08.884166,2020-06-15 13:16:08.884166,9-UT,48,108,NULL,NULL,2
550,Tempest Pride,,T10,,2020-06-15 13:16:15.618544,2020-06-15 13:16:15.618544,9-UT,48,108,NULL,NULL,3
551,Green Ribbon,,T10,,2020-06-15 13:16:21.545181,2020-06-15 13:16:21.545181,9-UT,48,108,NULL,NULL,4
552,Cartridge of Black Lightning,,T10,,2020-06-15 13:16:32.322893,2020-06-15 13:16:32.322893,9-UT,49,108,NULL,NULL,1
553,Memories of the Blue God Dragon,,T10,,2020-06-15 13:16:37.571382,2020-06-15 13:16:37.571382,9-UT,49,108,NULL,NULL,2
554,Rage Vortex,,T10,,2020-06-15 13:16:43.317492,2020-06-15 13:16:43.317492,9-UT,49,108,NULL,NULL,3
555,Ashen Nova,,T10,,2020-06-15 13:16:49.478816,2020-06-15 13:16:49.478816,9-UT,49,108,NULL,NULL,4
556,Flower of Jungle,,T10,,2020-06-15 13:16:59.711002,2020-06-15 13:16:59.711002,9-UT,50,108,NULL,NULL,1
557,Gift of Hunter,,T10,,2020-06-15 13:17:10.705523,2020-06-15 13:17:10.705523,9-UT,50,108,NULL,NULL,2
558,Bone Mask of Spell,,T10,,2020-06-15 13:17:16.651551,2020-06-15 13:17:16.651551,9-UT,50,108,NULL,NULL,3
559,Blood Stabilizer,,T10,,2020-06-15 13:17:22.283304,2020-06-15 13:17:22.283304,9-UT,50,108,NULL,NULL,4
560,Special Boots of Stockade,,T10,,2020-06-15 13:17:31.023715,2020-06-15 13:17:31.023715,9-UT,51,108,NULL,NULL,1
561,Pendant of War God,,T10,,2020-06-15 13:17:36.851739,2020-06-15 13:17:36.851739,9-UT,51,108,NULL,NULL,2
562,Merciless Skull Knuckle,,T10,,2020-06-15 13:17:47.298186,2020-06-15 13:17:47.298186,9-UT,51,108,NULL,NULL,3
563,Ominous Manicure,,T10,,2020-06-15 13:17:55.037296,2020-06-15 13:17:55.037296,9-UT,51,108,NULL,NULL,4
564,Dimensional Magical Circle,,T10,,2020-06-15 13:19:49.251662,2020-06-15 13:19:49.251662,9-UT,52,108,NULL,NULL,1
565,Sword of Flow Cutting,,T10,,2020-06-15 13:19:54.796992,2020-06-15 13:19:54.796992,9-UT,52,108,NULL,NULL,2
566,Dimension Stone,,T10,,2020-06-15 13:20:00.45774,2020-06-15 13:20:00.45774,9-UT,52,108,NULL,NULL,3
567,Spring of Galaxy,,T10,,2020-06-15 13:20:06.794639,2020-06-15 13:20:06.794639,9-UT,52,108,NULL,NULL,4
568,Exquisite Orbment,,T10,,2020-06-15 13:20:14.891839,2020-06-15 13:20:14.891839,9-UT,53,108,NULL,NULL,1
569,Fragment Collection,,T10,,2020-06-15 13:20:20.204312,2020-06-15 13:20:20.204312,9-UT,53,108,NULL,NULL,2
570,Threads of Time,,T10,,2020-06-15 13:20:25.32919,2020-06-15 13:20:25.32919,9-UT,53,108,NULL,NULL,3
571,Time Manipulating Clockwork,,T10,,2020-06-15 13:20:31.202065,2020-06-15 13:20:31.202065,9-UT,53,108,NULL,NULL,4
572,Strange Card,,T10,,2020-06-15 13:20:41.493698,2020-06-15 13:20:41.493698,9-UT,54,108,NULL,NULL,1
573,Elliciad's Heart,,T10,,2020-06-15 13:20:46.663239,2020-06-15 13:20:46.663239,9-UT,54,108,NULL,NULL,2
574,Coin of Fortune,,T10,,2020-06-15 13:20:52.609114,2020-06-15 13:20:52.609114,9-UT,54,108,NULL,NULL,3
575,Fate Tying Thread,,T10,,2020-06-15 13:20:58.108046,2020-06-15 13:20:58.108046,9-UT,54,108,NULL,NULL,4
576,Incomprehensible Framed Painting,,T10,,2020-06-15 13:21:07.351082,2020-06-15 13:21:07.351082,9-UT,55,108,NULL,NULL,1
577,Special Fuel Tank,,T10,,2020-06-15 13:21:12.33123,2020-06-15 13:21:12.33123,9-UT,55,108,NULL,NULL,2
578,Elemtal's Cottage,,T10,,2020-06-15 13:21:17.363232,2020-06-15 13:21:17.363232,9-UT,55,108,NULL,NULL,3
579,Letter of Appointment: Hound Unit Leader,,T10,,2020-06-15 13:21:22.814356,2020-06-15 13:21:22.814356,9-UT,55,108,NULL,NULL,4
580,Source of Snow,,T10,,2020-06-15 13:21:31.078841,2020-06-15 13:21:31.078841,9-UT,56,108,NULL,NULL,1
581,Frozen Brooch,,T10,,2020-06-15 13:21:41.847179,2020-06-15 13:21:41.847179,9-UT,56,108,NULL,NULL,2
582,Glacial Heart,,T10,,2020-06-15 13:21:49.013376,2020-06-15 13:21:49.013376,9-UT,56,108,NULL,NULL,3
583,Ice Dragon's Heart,,T10,,2020-06-15 13:21:54.694825,2020-06-15 13:21:54.694825,9-UT,56,108,NULL,NULL,4
584,Mad Dragon Shield Decoration,,T10,,2020-06-15 13:22:05.032491,2020-06-15 13:22:05.032491,9-UT,57,108,NULL,NULL,1
585,Dwarfish Capricorn Helmet,,T10,,2020-06-15 13:22:10.227249,2020-06-15 13:22:10.227249,9-UT,57,108,NULL,NULL,2
586,Dwarven Ceremonial Hammer,,T10,,2020-06-15 13:22:17.821593,2020-06-15 13:22:17.821593,9-UT,57,108,NULL,NULL,3
587,Hammer of Titan,,T10,,2020-06-15 13:22:23.329427,2020-06-15 13:22:23.329427,9-UT,57,108,NULL,NULL,4
588,Weight of Fierce Attack,,T10,,2020-06-15 13:22:32.956016,2020-06-15 13:22:32.956016,9-UT,58,108,NULL,NULL,1
589,Fancy Tea Set,,T10,,2020-06-15 13:22:38.569457,2020-06-15 13:22:38.569457,9-UT,58,108,NULL,NULL,2
590,Magical Stone of Gravity,,T10,,2020-06-15 13:22:45.244671,2020-06-15 13:22:45.244671,9-UT,58,108,NULL,NULL,3
591,Beginning of Turbulence,,T10,,2020-06-15 13:22:50.81318,2020-06-15 13:22:50.81318,9-UT,58,108,NULL,NULL,4
592,Classified Resistance Document,,T10,,2020-06-15 13:23:00.198656,2020-06-15 13:23:00.198656,9-UT,59,108,NULL,NULL,1
593,Ultrasonic Wave Generator,,T10,,2020-06-15 13:23:06.572635,2020-06-15 13:23:06.572635,9-UT,59,108,NULL,NULL,2
594,Madley Sheet,,T10,,2020-06-15 13:23:11.661173,2020-06-15 13:23:11.661173,9-UT,59,108,NULL,NULL,3
595,Dragon Drawing,,T10,,2020-06-15 13:23:17.609065,2020-06-15 13:23:17.609065,9-UT,59,108,NULL,NULL,4
596,Wing of Lightning Flash,,T10,,2020-06-15 13:23:33.834892,2020-06-15 13:23:33.834892,9-UT,60,108,NULL,NULL,1
597,Master's Ring,,T10,,2020-06-15 13:23:40.123744,2020-06-15 13:23:40.123744,9-UT,60,108,NULL,NULL,2
598,Medal of Swiftness,,T10,,2020-06-15 13:23:45.603334,2020-06-15 13:23:45.603334,9-UT,60,108,NULL,NULL,3
599,Amethyst Pin,,T10,,2020-06-15 13:23:50.956168,2020-06-15 13:23:50.956168,9-UT,60,108,NULL,NULL,4
600,Melody of Blue Star,,T10,,2020-06-15 13:24:00.745598,2020-06-15 13:24:00.745598,9-UT,61,108,NULL,NULL,1
601,Seed of Birth,,T10,,2020-06-15 13:24:09.384794,2020-06-15 13:24:09.384794,9-UT,61,108,NULL,NULL,2
602,Haven of Souls,,T10,,2020-06-15 13:24:15.355117,2020-06-15 13:24:15.355117,9-UT,61,108,NULL,NULL,3
603,Blue Star Candy,,T10,,2020-06-15 13:24:25.617278,2020-06-15 13:24:25.617278,9-UT,61,108,NULL,NULL,4
604,Tear of Venom,,T10,,2020-06-15 14:48:10.104913,2020-06-15 14:48:10.104913,9-UT,62,108,NULL,NULL,1
605,Basilisk's Poisonous Fang,,T10,,2020-06-15 14:48:24.136866,2020-06-15 14:48:24.136866,9-UT,62,108,NULL,NULL,2
606,Sparkling Potion,,T10,,2020-06-15 14:48:29.713201,2020-06-15 14:48:29.713201,9-UT,62,108,NULL,NULL,3
607,Laughter of Death,,T10,,2020-06-15 14:48:37.604166,2020-06-15 14:48:37.604166,9-UT,62,108,NULL,NULL,4
608,Stole of Templar,,T10,,2020-06-15 14:48:46.805771,2020-06-15 14:48:46.805771,9-UT,63,108,NULL,NULL,1
609,Pride of Holy Warrior,,T10,,2020-06-15 14:48:53.057422,2020-06-15 14:48:53.057422,9-UT,63,108,NULL,NULL,2
610,Templar Vow,,T10,,2020-06-15 14:48:58.961718,2020-06-15 14:48:58.961718,9-UT,63,108,NULL,NULL,3
611,Pendant of Benevolence,,T10,,2020-06-15 14:49:04.483811,2020-06-15 14:49:04.483811,9-UT,63,108,NULL,NULL,4
612,Shock-absorbing Special Guard,,T10,,2020-06-15 14:49:17.669864,2020-06-15 14:49:17.669864,9-UT,64,108,NULL,NULL,1
613,Crystal Support,,T10,,2020-06-15 14:49:22.992689,2020-06-15 14:49:22.992689,9-UT,64,108,NULL,NULL,2
614,Custom Bullet VII,,T10,,2020-06-15 14:49:29.353581,2020-06-15 14:49:29.353581,9-UT,64,108,NULL,NULL,3
615,Gun Encyclopedia,,T10,,2020-06-15 14:49:34.981097,2020-06-15 14:49:34.981097,9-UT,64,108,NULL,NULL,4
616,Shadow Blade,,T10,,2020-06-15 14:49:44.615298,2020-06-15 14:49:44.615298,9-UT,65,108,NULL,NULL,1
617,Soma's Hood,,T10,,2020-06-15 14:49:49.917746,2020-06-15 14:49:49.917746,9-UT,65,108,NULL,NULL,2
618,Cracked Mask,,T10,,2020-06-15 14:49:55.066897,2020-06-15 14:49:55.066897,9-UT,65,108,NULL,NULL,3
619,Specter's Ring,,T10,,2020-06-15 14:50:00.288614,2020-06-15 14:50:00.288614,9-UT,65,108,NULL,NULL,4
620,Gauntlet of Wave,,T10,,2020-06-15 14:50:08.55655,2020-06-15 14:50:08.55655,9-UT,66,108,NULL,NULL,1
621,Wings of Justice,,T10,,2020-06-15 14:50:16.191403,2020-06-15 14:50:16.191403,9-UT,66,108,NULL,NULL,2
622,Pride of Orvelia,,T10,,2020-06-15 14:50:22.474146,2020-06-15 14:50:22.474146,9-UT,66,108,NULL,NULL,3
623,Heart of Silver,,T10,,2020-06-15 14:50:28.34788,2020-06-15 14:50:28.34788,9-UT,66,108,NULL,NULL,4
628,Whetstone of Demon,,T10,,2020-06-15 14:51:07.503336,2020-06-15 14:51:07.503336,9-UT,68,108,NULL,NULL,1
629,Ring of Abyss,,T10,,2020-06-15 14:51:13.5473,2020-06-15 14:51:13.5473,9-UT,68,108,NULL,NULL,2
630,Enlightening Candlelight,,T10,,2020-06-15 14:51:19.378558,2020-06-15 14:51:19.378558,9-UT,68,108,NULL,NULL,3
631,Demonic Eight Trigrams,,T10,,2020-06-15 14:51:26.303031,2020-06-15 14:51:26.303031,9-UT,68,108,NULL,NULL,4
632,Liberation of Curses,,T10,,2020-06-15 14:51:56.837552,2020-06-15 14:51:56.837552,9-UT,69,108,NULL,NULL,1
633,Ancient Demon's Heart,,T10,,2020-06-15 14:52:02.11715,2020-06-15 14:52:02.11715,9-UT,69,108,NULL,NULL,2
634,The Jar of Curses,,T10,,2020-06-15 14:52:07.380557,2020-06-15 14:52:07.380557,9-UT,69,108,NULL,NULL,3
635,Primal Curse,,T10,,2020-06-15 14:52:12.560838,2020-06-15 14:52:12.560838,9-UT,69,108,NULL,NULL,4
636,Flower of Life,,T10,,2020-06-15 14:52:21.878226,2020-06-15 14:52:21.878226,9-UT,70,108,NULL,NULL,1
637,Windy Flower,,T10,,2020-06-15 14:52:27.105423,2020-06-15 14:52:27.105423,9-UT,70,108,NULL,NULL,2
638,Fairy's Crown,,T10,,2020-06-15 14:52:32.193424,2020-06-15 14:52:32.193424,9-UT,70,108,NULL,NULL,3
639,Dream of Mira,,T10,,2020-06-15 14:52:37.2461,2020-06-15 14:52:37.2461,9-UT,70,108,NULL,NULL,4
640,Jewel of Amplification,,T10,,2020-06-15 14:52:45.767821,2020-06-15 14:52:45.767821,9-UT,71,108,NULL,NULL,1
641,Lightning Tent,,T10,,2020-06-15 14:52:51.176922,2020-06-15 14:52:51.176922,9-UT,71,108,NULL,NULL,2
642,Heart of Baikal,,T10,,2020-06-15 14:52:56.330362,2020-06-15 14:52:56.330362,9-UT,71,108,NULL,NULL,3
643,Lightning Gloves,,T10,,2020-06-15 14:53:02.176018,2020-06-15 14:53:02.176018,9-UT,71,108,NULL,NULL,4
644,Shuti Tribe Advertising Poster,,T10,,2020-06-15 14:53:10.57477,2020-06-15 14:53:10.57477,9-UT,72,108,NULL,NULL,1
645,Emergency Snack,,T10,,2020-06-15 14:53:17.784309,2020-06-15 14:53:17.784309,9-UT,72,108,NULL,NULL,2
646,Fuzzy Jumbly Book,,T10,,2020-06-15 14:53:23.750855,2020-06-15 14:53:23.750855,9-UT,72,108,NULL,NULL,3
647,Best Knight Medal,,T10,,2020-06-15 14:53:28.866349,2020-06-15 14:53:28.866349,9-UT,72,108,NULL,NULL,4
648,Copied Codex of Stealth,,T10,,2020-06-15 14:53:38.574114,2020-06-15 14:53:38.574114,9-UT,73,108,NULL,NULL,1
649,Laughing Mask All-round Belt,,T10,,2020-06-15 14:53:43.531241,2020-06-15 14:53:43.531241,9-UT,73,108,NULL,NULL,2
650,Dagger of Silence,,T10,,2020-06-15 14:53:49.21715,2020-06-15 14:53:49.21715,9-UT,73,108,NULL,NULL,3
651,Needle of Silence,,T10,,2020-06-15 14:53:54.620788,2020-06-15 14:53:54.620788,9-UT,73,108,NULL,NULL,4
652,Fur Decoration of Sable,,T10,,2020-06-15 14:54:05.80711,2020-06-15 14:54:05.80711,9-UT,74,108,NULL,NULL,1
653,God of Lightning's Necklace,,T10,,2020-06-15 14:54:09.449317,2020-06-15 14:54:30.123244,9-UT,74,108,NULL,NULL,2
654,Essence of Red Lightning,,T10,,2020-06-15 14:54:47.697837,2020-06-15 14:54:47.697837,9-UT,74,108,NULL,NULL,3
655,Another Funeral Doll,,T10,,2020-06-15 14:54:53.28342,2020-06-15 14:54:53.28342,9-UT,74,108,NULL,NULL,4
656,Guild Code of Conduct,,T10,,2020-06-15 14:55:01.856387,2020-06-15 14:55:01.856387,9-UT,75,108,NULL,NULL,1
657,Pen Point of Firm Will,,T10,,2020-06-15 14:55:06.613093,2020-06-15 14:55:06.613093,9-UT,75,108,NULL,NULL,2
658,Seal of Guild Manager,,T10,,2020-06-15 14:55:11.756867,2020-06-15 14:55:11.756867,9-UT,75,108,NULL,NULL,3
659,Guild Accounts Report,,T10,,2020-06-15 14:55:18.643747,2020-06-15 14:55:18.643747,9-UT,75,108,NULL,NULL,4
660,Yummy Memory,,T10,,2020-06-15 14:55:25.906463,2020-06-15 14:55:25.906463,9-UT,76,108,NULL,NULL,1
661,Rampaging Beast's Claw,,T10,,2020-06-15 14:55:32.455025,2020-06-15 14:55:32.455025,9-UT,76,108,NULL,NULL,2
662,Soul of a Giant Demon,,T10,,2020-06-15 14:55:37.310937,2020-06-15 14:55:37.310937,9-UT,76,108,NULL,NULL,3
663,Symbol of Gluttony,,T10,,2020-06-15 14:55:44.098384,2020-06-15 14:55:44.098384,9-UT,76,108,NULL,NULL,4
664,Astral Orb,,T10,,2020-06-15 14:55:53.31421,2020-06-15 14:55:53.31421,9-UT,77,108,NULL,NULL,1
665,Blood Moon Amulet,,T10,,2020-06-15 14:55:59.779899,2020-06-15 14:55:59.779899,9-UT,77,108,NULL,NULL,2
666,Puppet Doll,,T10,,2020-06-15 14:56:05.036477,2020-06-15 14:56:05.036477,9-UT,77,108,NULL,NULL,3
667,Portrait of an Unknown Girl,,T10,,2020-06-15 14:56:10.51687,2020-06-15 14:56:10.51687,9-UT,77,108,NULL,NULL,4
668,Talisman of Concentration,,T10,,2020-06-15 14:56:19.286887,2020-06-15 14:56:19.286887,9-UT,78,108,NULL,NULL,1
669,Giant Arrow of Sudden Death,,T10,,2020-06-15 14:56:25.605614,2020-06-15 14:56:25.605614,9-UT,78,108,NULL,NULL,2
670,Dragon Steak,,T10,,2020-06-15 14:56:31.165133,2020-06-15 14:56:31.165133,9-UT,78,108,NULL,NULL,3
671,Blazing Heart of Giant,,T10,,2020-06-15 14:56:35.957166,2020-06-15 14:56:35.957166,9-UT,78,108,NULL,NULL,4
672,Whisper of Night Sky,,T10,,2020-06-15 14:56:42.298945,2020-06-15 14:56:42.298945,9-UT,79,108,NULL,NULL,1
673,Foreseeing Eyes,,T10,,2020-06-15 14:57:59.042217,2020-06-15 14:57:59.042217,9-UT,79,108,NULL,NULL,2
674,Beyond the Mirror,,T10,,2020-06-15 14:58:04.502193,2020-06-15 14:58:04.502193,9-UT,79,108,NULL,NULL,3
675,Drops of Heaven,,T10,,2020-06-15 14:58:11.023389,2020-06-15 14:58:11.023389,9-UT,79,108,NULL,NULL,4
676,Sandstorm Arrow,,T10,,2020-06-15 14:58:21.460655,2020-06-15 14:58:21.460655,9-UT,80,108,NULL,NULL,1
677,Sand of Mirage,,T10,,2020-06-15 14:58:27.365356,2020-06-15 14:58:27.365356,9-UT,80,108,NULL,NULL,2
678,Soul of Oasis,,T10,,2020-06-15 14:58:32.700403,2020-06-15 14:58:32.700403,9-UT,80,108,NULL,NULL,3
679,"Black Cat, Hoabis",,T10,,2020-06-15 14:58:37.836435,2020-06-15 14:58:37.836435,9-UT,80,108,NULL,NULL,4
680,Sharpshooter's Gloves,,T10,,2020-06-15 15:31:07.702087,2020-06-15 15:31:07.702087,9-UT,67,108,NULL,NULL,1
681,Wind Spirit Seal Stone,,T10,,2020-06-15 15:31:16.222523,2020-06-15 15:31:16.222523,9-UT,67,108,NULL,NULL,2
682,Silver Arrow,,T10,,2020-06-15 15:31:23.275571,2020-06-15 15:31:23.275571,9-UT,67,108,NULL,NULL,3
683,Circlet of Wind,,T10,,2020-06-15 15:31:29.743497,2020-06-15 15:31:29.743497,9-UT,67,108,NULL,NULL,4